PCR_01,PCR_02,PCR_03,PCR_04,PCR_05,PCR_06,PCR_07,PCR_08,PCR_09,PCR_10,contamination_level
-0.319563809032045,-0.9387078830529672,0.09583295551216449,-0.08058777623792934,-0.2116927917064718,-1.265943689152873,-0.15486968661576236,-0.06615544050467029,2.0400263723258276,-0.21132939867987402,0.0963514070445974
-1.3043850475237702,-0.9157168601449602,-0.5777589201850412,1.0109457432237239,-0.8658544488833417,-0.042536407093055846,-0.7341473630510684,-0.5673836732091532,-1.895054717729593,0.5323026903941014,0.3171129419966371
0.32431424510088824,2.2971711045776475,0.7645695019020387,0.7627699419751639,-0.6951652515100636,1.4660158156088252,-0.2280257665878608,0.7442009315069101,0.9710913496532498,0.8141979049064677,-0.1205134984302051
-0.6992456651544342,-1.1722857883505229,0.05125662303991261,0.4757732364405697,-0.3129040504431198,0.22622557153669132,0.348052606756984,-0.9419167472606955,0.3239852381729002,0.28524004334626707,0.396919129864986
-0.8303849525427733,0.12484284853209095,-0.1452712277494812,1.9320635978299892,-0.9325694503921745,1.5464531046785561,1.133530563532249,-0.5984342366780463,-0.24265179278186866,-0.014333188559747963,0.397551221136894
-0.17746241278926314,-1.9808733070059785,-0.22893454357220316,-0.006327930085600452,0.31698721108366323,-0.655424131479096,1.4750091944359414,-0.9317360219578568,0.319040157735198,-0.3027207187794301,0.3212422631033882
-0.5325165089530619,-0.37747487218584935,-0.7543328363344378,-0.9868396589705876,-0.5366144934544012,1.284602134565497,0.8985866488142353,-0.8020856693292768,-0.4687189618520401,0.6129552253111227,-0.2282131921499627
0.1896250651406088,-2.36997326766232,0.07391797655990467,0.12207787563324678,-0.30144852668588,1.2016479649283054,1.0476901502059148,-0.22381808097955616,0.3613797121053811,-0.47754071383470226,0.2644098901972783
-0.22592384489634837,-0.5069323351025903,-0.3432221677909035,0.41624086876848054,-1.1710242157440367,-0.3883000544917246,-0.23818409507859986,-0.8398169695749862,0.8350853296171862,-0.5764771956343981,0.2118847919419036
-0.42206764781376027,0.9002125862538048,-0.30821951029187666,-1.0264724126505012,-0.07605440131501946,-0.32991468274024743,-1.0320793423894479,0.37951259980340857,0.1136442290349601,0.5141740869819236,-0.2045725302121412
1.424547575330483,1.4039428525060984,-0.716290957340111,1.5243944955817066,-1.0935251785587572,-0.15354157941385307,0.6271451523558763,0.4415952208060204,0.5697803923963128,0.3850682239706974,0.3562859771336567
-1.2962770759013393,0.29627271775533537,0.9108493245701502,0.554415328131362,-0.305266730768666,0.744389189618038,0.3810897236221879,-0.15207594388712847,-2.075942937173299,-0.24415982191865693,0.0669588925890588
0.7365946245303646,0.040752509804250894,0.44186561424282556,0.785807068502725,0.17157932712867716,0.3399408157857445,-0.2580417744394544,-0.8085945357837785,-0.28900702341935275,0.6067242834221155,0.1436404498399771
-0.8281449961132804,-1.8347453305962682,0.9807754351698327,0.35256311160005677,0.7624786134558578,0.5279299797283129,1.088026431742669,-0.8762588590832355,1.2463257028485326,-0.35497926463632273,0.2881198082894012
-0.7950609514382893,1.4307525384024935,-0.24823294524847409,0.4296248319073533,1.2300006591728043,-1.1944523678495913,0.7112943567926646,-0.986427554850238,0.7710627977691504,-0.616290209655499,-0.0558302686440612
1.5964078576493594,1.2360218557446936,0.6442545383801249,-0.692553218918486,-0.10100960366460889,-1.642234299456285,1.2742796242770829,4.1288858772834205,0.9406386685173093,0.202916417934638,-0.1979111493892608
0.6949089937209902,0.33822027708869074,0.8728797419308252,0.8810126341111088,-0.4705717850176711,-0.5954103549018782,0.98011566578427,-0.6876130561200744,1.5887772821940485,0.5511930262554706,0.3559538590138223
-0.41194263017301186,0.5715329505580397,0.985683576936901,-0.37592702279738377,0.20620826124645603,1.4267300936973697,0.1782287596759298,-0.7982376831201144,-1.4430333783978901,0.7224727365003347,-0.221569100509883
3.1344158207664057,0.2047810103532492,0.29889522536634916,0.6276499980236995,-0.4923912017631652,-1.279328247249371,0.8444911924037709,-0.4175270926424727,0.6225557034924288,-0.5641816195006143,0.1600079227358078
0.46194564071093963,0.47387982794403205,0.28035772227448286,-0.8425293724608266,-0.9009940573599288,1.470299708609236,-0.33672433934971285,0.8037053413870927,0.9206707890806324,-0.4209862464942212,0.3430713526518816
0.5328773467695253,-0.3838803758116586,0.9405147210314242,-0.7595416527945587,0.5540193091534906,-1.0639484360507039,1.137399936481684,0.5291239715228736,0.7572010996772918,0.2510150290424039,-0.0610406359859965
0.7732032551857745,0.27964717234047415,0.6048843086152396,-0.5123669574367185,0.047143333548998495,0.03832101377133099,0.41746881313651907,-0.8747304186547067,-0.9255586454149642,-0.900669083302114,0.0023182855465315
0.611318767679654,0.6594171186501029,0.6361993660195062,1.0060967069061202,0.15265917949698177,0.18230201204333998,1.3348867641946158,1.0835195354866487,0.09967621948861055,-0.4248134298275314,0.2266291408325013
-0.13520157437715283,-0.6852891946378906,-0.1900332402502546,-0.04532883031030398,-0.6918209297986853,1.1064716473747176,0.9522561564739519,-0.5803413251726905,0.12915998606407578,0.6479762612866165,0.2408204101382027
-0.1128565001908721,0.02424846334003271,0.5340979231828142,0.49052834480793267,-0.7653649370439521,0.8287402020448599,1.5424234299555215,-0.2862885904190413,-0.4129188473121122,0.21000670259367546,0.0864100333303658
-1.591342853325416,-0.6958198934694371,0.6740540846602546,0.7671100800883459,-0.9447528721471342,-0.9715735856650445,0.4820990523817155,3.777657106611092,1.8306376396493438,0.1925989724214499,0.243101861830201
0.42882456159498594,-0.9898549871031933,-0.014813148878361465,0.9668461809912098,0.4033176829888178,-1.7510613650443199,1.2858079305528167,0.04296726101661413,0.4244100021712481,-0.7214777919803326,0.3910320043746744
-1.662136356034649,-0.48013645700705854,0.2399311942867817,1.6129007985981718,-0.6584281814114211,0.5051602963784707,-0.044167806701186835,-0.8472845210084473,-0.08107254647075113,-0.4396206343573115,0.4725950788202629
-0.5181668033727556,-0.7567799322554233,-0.08670104158938989,-1.0326520668432198,2.942289001711929,0.6825573177938481,-0.24872153409922637,-0.8724386290658626,-0.26891816657649853,0.4819168454930264,-0.0875788803916015
-0.6730429674376738,-0.9278460840454361,-0.3887177471633551,0.8384435157572897,0.4902587963482566,-1.3215057304889777,-0.6002892888906808,-0.7456823251524581,-0.26830252623275924,0.12763029406206464,0.2424380067243373
1.5576645859153313,-0.26253788928587063,0.4365370527605501,0.07041995377315871,0.9164210065566855,0.7924565602820739,-0.890967029809389,-0.32965680553985743,-1.5851786267162535,0.7141177013075453,-0.0136593239218487
0.7909332410843273,-0.3176826584924732,-0.6772881145794611,-0.07997557880055788,-0.962164957490386,-0.7771669508647743,-0.5530288285746364,1.5194304083978762,0.4337086893238247,0.7820616483915545,0.277065856945919
-1.0022701876210618,1.5699179078023706,0.2122260835962584,0.928941624733676,1.0554051212093667,0.9226659041632744,-1.2937608623073829,-0.40025137752082024,0.544760137261441,0.0492052989965277,-0.012189845659771
1.497239735585388,-0.7224656417663919,0.5860187552631217,-1.5575567987239445,-1.0572886407356894,-0.6694112464128219,-1.1422941420044246,-0.9102603787674447,1.421231680209237,-0.184252692807778,0.1307302303774537
0.51161150638793,-1.0669055446490823,0.42198721679033857,0.06802529108664526,-1.3034539901290054,0.4923119228667475,-0.6931705948364207,0.42014024694595825,1.0351704020928647,-0.29854043837414734,0.1338791396960736
-3.2905983916504526,1.4538738753236329,0.5581534213738777,-0.4522826180644024,-0.3694848566657279,1.5633197989463303,-1.9508857888209654,-0.9155438587264061,-0.12799545436988352,-0.30123306323601706,-0.3529790219709093
0.2863088692388517,0.8054231283684608,0.2599194157827735,-0.22505383975893462,0.019595377491293236,-1.2540548216973322,0.25089535901732474,-0.7754475429531563,1.0602575880986538,0.7276886339488515,-0.0175835742790386
0.8702091480379992,-0.18894906580259754,0.5483155839812106,1.4137643619373546,-0.13382740356373257,1.3429958507634425,0.25639652873864816,-0.7025430513990095,1.0522129638247486,-0.8409124091604406,0.2311184303290837
0.2242710928335101,0.39744481026790424,-0.42496144750259607,0.5624595185661878,0.3079416762056618,-0.7421893502595982,0.15408215490452584,-0.6089025509483298,-1.2595895503272767,-0.5014702765454604,0.0759176515075179
-1.1628708393420282,-2.8558358797796877,-0.2905556467131316,-0.826945165707321,-0.44681602457594516,1.254312890123303,2.2395282106688743,0.8438503087433167,1.177407944093524,-0.3881636898111356,-0.0117230563282225
0.7331481210811955,1.3315228003488853,0.8806124814002206,1.380920823297137,-0.1475964389748646,0.5489124414910251,1.0758584328660636,0.15317111086887217,1.1166072317115725,0.47383069063556155,0.3341018170834631
0.02059755030809417,0.10607123256095188,0.2077664620546703,0.4208003567467135,-0.8941509595698027,1.6233251689041643,-1.0178462389094973,-0.5920500023920595,1.7702656884492824,0.4499621219880237,-0.0632439743402341
-0.8499549483906721,0.02551826880207913,-0.7798068166531676,0.7875420055469726,-0.8757569265092631,-1.0713022958638097,-0.19243233718671898,0.9597134622664362,-0.39097060684197005,0.3280524027051189,0.2734893890645885
-1.072787070830733,0.6923420833261175,0.7989429763393371,-1.2139180020147207,0.014200652100980163,1.3567730320491715,1.2826933953390522,-0.49793284442421337,0.7110751371885293,0.2535700842894025,-0.3911952938173511
-0.2751139502203404,1.5934642234651217,-0.1389362072175848,-0.9912609662384645,2.2514834522146767,0.4834480168475877,-0.8966244963372211,0.5311210492920159,-1.91138150221747,0.9368626427075203,-0.297669175144952
-2.042427914398371,0.10290816266773135,-0.8261018702301851,1.704777458717186,-0.42806673503943987,0.3026699434878986,0.18087402720656912,-0.5367846007328829,-0.5374699994250515,0.5460960901424052,0.4246057616902777
-0.08943357854618608,-0.40977485826717486,-0.6122882377313418,0.7137288812838691,-0.7426050910152687,-1.6459538634031936,-0.587974718132554,2.179332553626857,-0.5877777471857368,0.7548080756594624,0.2178203367555506
1.6995624959036248,0.2602544118208699,0.9234137523569622,0.09464872579792645,0.9056948317151662,0.4098568923873674,0.14018523506041958,-0.9372860720115445,0.2831921603742874,-0.9077080558330123,-0.0188228733505363
0.35447654465432743,1.0274851411647175,0.8500759573286211,1.3800493013853083,1.0258668175926666,-1.4469305778395127,-0.20812434606477057,0.12552771553194972,-1.0405912711819199,-0.584316352015804,0.2374873071758833
-1.1649617261392076,0.3525055761599327,0.42188335671743604,-1.1158136677974335,-0.5026417614688399,1.5634715990259314,1.199528599487487,-0.5780070396978554,-1.8651199493080202,0.5824657850589722,-0.2222208954669402
0.8660940387281644,0.2546078186032765,-0.9707601010732871,0.06778464100400183,0.9893348599202307,1.1201254816455888,-1.7071016730068187,-0.6318563898908726,0.0971910024697073,-0.6692847934575337,-0.0507181866654782
1.3779252577884527,-0.23241071707150127,-0.11252927191469898,0.09972371470650226,3.4721894550548607,-0.5812153924860128,-1.3569591820303895,0.04896524340321544,0.3828407528540005,-0.9263524667094863,0.0587099380652411
0.5171275929059737,-0.5064587200383228,0.43767106450021837,-1.0712972926797568,-0.6886752946209411,-0.1847881113209897,0.00999952549139928,1.0006257843566548,-0.6235841438284336,-0.2627292978212636,-0.1339989387555537
0.556967678295096,-0.5398176571937949,-0.04650767760801555,0.4879315111108262,-0.7733542669729446,1.3366699304809673,1.3352557648549352,-0.459042077882614,-0.9765748854876031,0.44257281057053843,0.042457670637104
-0.6207015436485323,-0.4549474591767637,-0.9668048658821325,0.7218924877309879,1.307673001683415,0.5387816268346192,-0.20762419407391522,-0.8817416122253535,1.1975624410498267,0.21894990830288216,0.4355120985196494
0.7427398981463572,1.3862461890092688,0.9503473512897264,0.010820625487068034,0.47024592066765497,-1.5477031524100577,1.1948090734262546,0.6737319693795919,0.18449971352111907,0.5971407337267405,0.1391558443892246
-0.5126928586296732,0.5172255294197955,-0.2352091369401916,-0.5272773209758119,1.0955512359512765,-1.4135977906721178,-0.38311015521773334,-0.3804417477750327,-2.0501758977186584,0.5270319406923047,-0.1625887696858817
-0.07460822483650241,2.10759018935061,-0.9403201515475402,1.4176314209712584,-0.11696298078316877,1.4632264341255485,0.3110909288152508,-0.664820300505509,-1.018547328208737,0.8284898900315356,0.331330454494103
1.3450421794213843,0.6671358851198443,-0.7101884082903026,0.5474816907252478,-0.7190173083404235,0.014904219247444169,1.21900113595139,0.57559829410013,-0.40780504419226704,0.8805785767386854,0.0965260761103122
-1.5850902121143449,-1.11782372164256,-0.5072829785290912,-0.4364202715970402,-0.11706768082748636,0.07448496364098348,1.618202970334566,-0.9016695298734089,1.045348111732341,0.22194837721329783,0.0513854112764684
-0.5816095935718603,0.48622875450056885,0.6789701245063682,0.5863460220521836,-0.6195495410132108,1.4982844946075975,-0.211504173566203,2.676606214324798,1.2703360393944483,0.272574160606216,-0.0705815765972723
1.6112553729413388,-0.7336940487542399,0.5669431976894068,-0.01638118880875484,-1.0022624500765547,1.297883785964166,0.028362997952038716,-0.028935500767923315,-0.6586737615767091,-0.04275907857183836,0.0081807651302847
-0.08249701978480908,1.096036835830869,0.8083014776017565,-1.2205864108143905,-0.8992799881174317,1.322153623224941,-1.2127451551531965,-0.5416011894507547,-0.8203715255726972,-0.2814416597306876,-0.373498846806266
-0.10441028785239787,-2.0907986940127357,-0.16546308435628074,0.7385825582578663,-0.6369702058552006,-1.4129221936973324,0.6020524046332545,-0.9469912797191851,0.12040588371833634,-0.14354431461815417,0.3229784084790604
0.38360524731057605,0.18265897583925214,-0.7999781051266619,0.1683285232576639,-1.299602776207191,0.6380174427076967,1.7837284859395903,-0.28323796479775515,0.40484851235221425,-0.6239882294319072,-0.0515560387210245
-0.6686338829425627,0.32188527404217954,0.00153238243049308,2.0967281390988592,-0.3544242626114643,-0.012921037349378302,3.4224931181681932,3.9969651605099155,-1.2219870143969742,-0.6014874488437014,0.5990934986117202
-2.3652883529722457,0.05416578296905357,0.5922134691705823,-0.7770348464561279,0.2250931596099377,-1.7139039576969741,0.0746273523994304,0.18510277997810554,1.9281191304978864,0.9255269376035898,0.2004588335073653
1.4941191323279608,-0.4061466276870625,-0.47774538334773564,1.4267887273683797,0.7585988805037247,1.0736065246205235,-1.2813494175948212,-0.06076369992550975,0.7524372932037005,0.009640259921304852,0.3134542378490797
0.42664069645311353,2.082837177714752,0.6418932133270951,-0.8537839154709292,-0.31722964601659864,-0.06277479127882861,-2.7582795970807643,-0.06829782609609647,-0.742737093758741,-0.26757237030811076,-0.1067723765504194
1.3158007551485607,-0.9393724213090386,0.683682751940423,-1.2365936469648122,-0.039859783837269576,0.7583065294598588,0.025986238147247615,-0.3771923324863054,0.040488517059850224,0.20093359795973553,-0.0568661406310526
0.7731044392110419,1.0672395595802142,-0.47108986356146704,-0.5915016889479455,-0.5524107133201527,0.8184029165282071,-1.2526548661627859,0.4382069001499298,0.12447001454555826,0.834340250322125,-0.2505612480598565
-1.1907430084268593,-0.28703458367766077,-0.9249348453117142,-0.12402753305096699,-0.4942028022544282,0.7072784983862661,0.9873725508475193,-0.926171350762788,-0.5002938445399641,0.8209286898374825,-0.0795900868391009
-0.26248296669192095,0.10652281788747149,-0.5127683114957111,1.1986377502671097,0.4899479754762278,-1.29340996291957,-1.3605562844843517,-0.2549926921283865,-1.9389697266280634,0.8249532568144666,0.4872740177497303
-0.46726593902527774,-0.17846333386057703,0.25307527212212727,-0.4469013545778183,-0.5776097977600455,-0.789790433093953,1.1633919827673969,-0.7428298675042996,-1.3354232272964872,-0.6853677669582215,0.0134281954171968
-0.9062270650267502,0.3074982854994494,-0.8133308522667533,-1.540180565760331,-0.026622397376375746,-0.15175095607765907,0.8158968840114034,-0.7427773585535392,-0.054741341773670064,-0.7829045795818714,-0.107463432141856
0.656564649543382,1.35545994779828,0.9214747629055066,0.8723376157991011,1.6129035931357163,-0.7622383888552284,-1.5204585348601003,-0.637673048344828,0.8490001427910375,-0.8835070539235961,0.0756476062747663
0.1888098727614107,1.0509308932026153,-0.6554118686064218,0.21448803634851638,-0.348675860136751,1.5413392645632578,-0.9084772859866584,0.4957868929607793,-0.4026502581099179,0.04702477407629806,-0.1619933796328851
0.4267270151846638,0.2334318953589477,-0.44621555480904956,-0.284569537205855,-1.0011946364721462,-0.13669788274334777,0.4549148991389184,-0.9760539321055697,0.4215409495933883,-0.7393649315570603,-0.0012395556140773
2.972421663229489,0.6626785799869178,-0.8123993045810038,2.428346271574351,1.3374009798807789,0.8698264813316081,-1.1147817201224803,1.271082535877434,-0.01143388475263408,-0.5233359281192489,0.5581199649813311
0.5138313543378762,1.8423945480476256,0.4876277374238942,-0.47046408349850627,1.5266215561526157,0.18807683329907124,-0.09703129552052886,-0.8002140544728809,-0.053125658481004714,-0.5208728192801831,-0.2122948617011946
-0.7506172222684847,1.2858974693544583,0.2003213213767525,1.8022100849773137,0.13285379289483681,-0.18218622256394357,0.02759261990716502,5.107527225236815,-0.18388464399156762,-0.7117723868217656,0.3703289727111724
0.0072837427047316395,-1.5723283723351946,0.2934309320184088,0.4472165834079654,-1.4701516344160896,-1.3840692626297129,-1.3042992768192214,-0.8426187498864122,0.5040650424497204,0.05322945822347596,0.1829472190030693
-0.6481624069043261,-1.0627547963388297,0.9071184625636431,-1.9271578963190534,0.8265635318751487,-1.2902959967494265,-0.5131352601625727,-0.6803012207715942,0.9378416415213399,0.23278584165092717,0.2318015101453735
-0.5970113508717592,0.7893560282510502,-0.6132336842376507,1.1096531406610668,-0.9320212970411651,-0.8327552624461044,1.665277274719585,-0.37000448471429587,-0.8012440521942965,-0.31487404573271793,0.6260287441927261
0.1343082930823877,0.3442654023012737,0.6458049105871493,-0.12594791784970774,1.5848621410959989,-0.47320858149019324,-0.8368044379963517,-0.4946192304879983,0.37466462798367745,0.8586700751746483,-0.0137319332175608
0.3541756886049278,-1.1544088731403055,0.7416521638256484,0.9173060951562322,-0.2671932395618362,0.9324011021811446,0.06724177057546488,-0.040498832498807306,1.437706238712525,-0.4315371088148077,0.2717965589271888
0.6110263408484161,-1.0852473216611216,0.0845497791397124,-0.12625118721516826,0.7013401066193997,-0.6372530596003618,0.20764099041407622,-0.4281562339819927,0.3390251552667502,0.3965628348313132,0.2413504807642036
0.16967786582269284,-0.11035881261657011,-0.6114703062328406,-0.38464174077965807,2.962227296902697,1.602956388171779,-1.7092624707646877,-0.8071106611279389,1.025226628380707,0.3484774123202933,-0.1394493620351606
0.7582179441998308,0.3034078745506349,-0.011023826171662084,-0.9551732195858187,-0.7073659109641065,1.1134884238247758,-1.849580514654978,-0.972045677634553,0.7030541514079978,0.8179034645805698,-0.2694167807527113
-0.7643901240969859,-0.47753631668501667,0.9698931147953586,-0.07710700768180653,-0.04648411586117698,0.05727923249771384,-0.5075454529923152,-0.6843335542840299,0.17239835676525264,0.40634031624991684,0.2243160126254853
-1.0914920329379532,0.3018198900245234,0.31450319201116933,-1.4816855077534417,0.677730863287389,-0.532823970662439,-1.0130796865881389,-0.38391055960002995,-0.23866424110920906,-0.1644271637620543,-0.1788538433826038
0.13129030080029738,-1.0147003906091951,0.8935711103564091,2.0148414382917816,0.5818191554829397,0.3125914495530176,-0.5873117218567292,1.5226999559006658,-1.1566379429593556,0.7957270960694047,0.9478022284677824
0.6955184345029339,-0.9203302740076434,-0.2526210197687578,-0.39810996479452215,0.20686203482575088,-0.7514870567571543,0.946259287610124,-0.0034051328138168875,-0.394637419501828,-0.2582333034617231,0.0154387448293749
0.7364340015124498,-1.0783439277644338,0.8020228754026716,0.08438755114031374,1.1959307192931319,1.2913797160460547,0.49199095120624486,0.08461708119747655,0.9696883756427886,0.8580207685941199,0.0342089227832065
1.8175002724693385,0.32497873480838024,-0.6910240608988251,0.4162802910745619,-1.0674144691327898,0.577788647343997,1.4965799955887864,-0.021992558316503995,-0.40871917906179567,0.01036020541594702,0.2240286171181444
-1.2644937358782715,0.1560202319693248,0.659942379386678,-1.0396072332625914,0.4867873809446408,-0.6746228694598162,-0.1959111540354141,-0.7972792226681003,1.2249963308398695,0.8669951602361912,-0.0117494764006994
0.1542548435106447,2.0792172151708543,0.7239970205552271,-0.0360425307915677,0.24319711237752575,-0.6389709003280636,-0.7776840299182355,0.8036035360029206,0.4360243567791204,-0.8021312834593041,-0.1744464824380177
0.527408108679679,-1.207704597603432,0.3461577970083013,-1.0595661897502504,-1.2623191605413924,-0.9748875824979093,-0.43857070943487997,0.7047854844505725,1.8246829531012865,-0.31050611652157206,-0.0902207475538461
-0.8470241445170922,-0.49658387260497383,-0.4561911556065065,-0.5426142532262852,-0.2013723765964352,-0.7355677286013717,1.2993675484089429,1.0281699151642043,-1.0077488687924347,-0.6976022194805152,0.242780772575557
0.4291270564691487,-0.2552968868543714,0.8885511053792645,0.6786957728184617,-1.1877999472586012,-0.42134966442113075,-0.2724252661014563,2.616801522223082,-0.9038478253732608,-0.6870302794259235,0.3697850721331383
0.5582244867806271,0.8731030017591626,0.9972064689162349,-0.3800330888907284,-0.7317781629892417,1.371257608917549,-0.02856772265843445,-0.7229171904279403,1.401933197810925,-0.03743109445285785,-0.2634453713958848
0.7653653666613864,1.8717134529183517,-0.8556857808440878,0.8911115234257841,-0.9866050453694345,1.0812448249870317,1.3076936021730676,-0.9038990129588245,-1.4211675781847948,-0.7915608213533315,0.0636801346283626
-1.157578722062594,-1.2579016549668007,-0.24949377020761893,-1.9226473332693397,0.6529235269213871,0.9788919132146742,0.8391006955763538,0.5313045981911966,-0.9974604244008906,0.20609705252859864,-0.0592842252542809
1.0594517761672828,1.421007890161677,0.23686367261239594,0.06256078196380109,0.9522621915780991,1.1974958023864348,1.0508618501037696,-0.9475157872629413,0.3461211318897964,-0.39649364801618425,-0.1521717108516032
0.9556662604503003,0.15122968584094557,0.544882479987588,-1.0266757522572547,-0.8465099650059873,0.08494778641220732,-0.11874893771484012,-0.6551562437477263,1.1117508093245365,-0.3908664282988629,0.1788955375319358
-0.33843883573251643,-0.5101771838048934,0.01758202032682385,-0.647340147835519,0.1954923356016008,0.5225749486325175,-0.6211140037075508,1.099196388766467,0.017841940877136152,-0.703961719551682,-0.1060141519341453
0.4055066185707395,0.6791839748219395,-0.3077642206786223,0.07870978938443082,-0.3636357327068193,-1.0529257180158504,0.4757534836995279,0.3591075174812952,0.2716724214522482,-0.6711516666664599,-0.0125600651388959
-1.3735194571193279,0.5701431348935971,-0.6282539215880845,-0.10087638859647308,-0.16622129453966028,-1.1192968084678159,1.7382269413938585,-0.7767210891087052,-2.1278076589576016,0.8330287443073817,-0.0799720706738077
-0.5867647529350059,1.5869695408839,-0.6730821723265656,-0.19541030855044372,-0.3332828973669288,-1.646308179662935,-1.7793732527785493,2.333584450390789,0.4626694013405092,0.6540212624301656,-0.1600275952061218
-1.1180324490274742,-0.5108618606655367,0.27862321815971147,1.8338517021907328,-0.4717295031335805,-1.439850155572289,-0.4373103311391065,0.7749845855161956,0.14213220139846536,-0.44222079878454346,0.5883283059918433
0.5510353937387269,0.915272091256172,0.7375285053687527,-1.6225564443903875,2.1082368857786853,1.2409287834192584,-0.4356002130159971,-0.7572819294465633,1.3017556658423393,-0.60778033282169,-0.1417070470783932
-1.1029641278784108,-0.21829442242453734,-0.27269638039799815,1.2618658347670357,1.9066802043472848,-0.873490875770133,-0.6911541067686883,-0.9133933902546222,-0.4687045753506434,0.1768842052931572,0.3058569699562015
-0.732287851067599,0.40104135577077393,-0.7645595910372754,1.3522599717648671,-1.1396766572715151,-1.4196341222952336,1.359649763143829,-0.9842622156577229,-0.8243224226292271,-0.8123046402475909,0.2976164655027775
-0.5617468827523432,1.4756843476040682,0.1106044136195266,-0.2547096721031879,0.09481314493145081,1.0424980678636262,0.19103682114579612,0.769159843635572,-0.330314801415743,0.35843540202309937,-0.1495229722603196
0.342991416045717,-0.614092306417215,0.5129178958668361,0.7309359800562876,-0.5513583074418495,0.8076325414544976,-2.0774058837692,-0.5694567099812793,-1.6162897225952608,-0.7924209999260642,0.1954679801223099
0.17000692675996992,-0.6437212940763358,-0.6918184767773029,1.7101621682087675,0.1800552575325407,-0.1612683969755328,0.6294394178451945,-0.7813665341259474,-0.5695764705774365,0.4315228145480713,0.6232979522243967
1.3677592855656227,-0.09640638145325636,0.8605591933962509,-0.05059015686129563,1.0226973271102002,-1.608385482436867,-0.5658196086949775,-0.009309207011999115,-1.1357492446718827,-0.0640141592647571,0.2946527017131951
0.15490974930432713,-0.859700394584703,0.6340279360350282,0.6115619644438457,0.19271987469933832,1.1662342600509497,0.3671206673569601,-0.9622252423994917,0.4594798541165386,-0.7802408203319734,0.1186249439172363
0.8425465930149948,0.2591209669121418,0.5017805609663832,0.9955522458654077,-0.21095406382446388,0.45961327554250814,0.6751228188940545,0.7846026302709191,0.4354255935688008,0.041936020038435065,0.2836176613682513
-1.0906870905454569,0.1294947749627365,0.18184926669048274,-0.2418282523080144,1.4324267408926916,-0.3696567612373077,-0.05545067172931712,1.2897553105732427,0.3720917585319333,-0.019131198319029423,0.3144322650538902
1.971406520006212,0.10970234719771353,0.8066223050361305,-0.47120465447962806,-0.8854710524086891,-0.272209857363903,-1.3294909046745524,-0.7067043840441356,0.1691196954990068,-0.2843483551467549,0.0043677802236749
0.9000911512234989,0.7141689546555197,-0.9606527100996224,1.259118330672491,-0.3526954415598578,-0.8694568843670589,2.514969003695054,-0.9681615734029845,-0.9732411557627373,0.09269928193737784,0.3286458233106589
0.1447146862319899,-0.6046395110450415,-0.8059694838845534,0.04447821989355359,-0.7559018456081195,-1.0929229716089235,0.39589651411975096,-0.7784215523006538,0.2650108846397236,0.8041947029425955,0.0788497012252472
-0.8596989971915706,-1.2415803074579348,-0.6036319103998524,1.8200148208808622,1.309116835887924,-0.36916753778390726,-0.3405902149987124,-0.7241745102156143,-0.3581967427213362,0.2831121804982494,1.0367907018228606
1.2735424976215592,-0.6826088978565956,-0.015771411218882744,-0.37940394949446976,-0.6929263236175298,0.6570786266541924,0.8513773269296464,0.48450329196912356,-0.9821431267265459,-0.44493144352866487,-0.0815726796343418
1.565663545092299,0.29309449546932703,-0.4128927507453788,0.012587816042958408,-0.32564421687624967,0.8434511341598314,1.0027179114831195,0.1647043023517646,0.18301206957278596,0.0025083995352641417,-0.0680095581960882
0.7498338475538202,0.5994105613525814,-0.5226090168248431,0.8748373172366735,-0.35366178227843315,-1.0518981305161108,-0.1434464129681537,-0.4888054755730055,0.1266985820410223,0.31889267039613045,0.2446260377641328
-1.8035792139098372,1.0010126288040748,-0.07115289307307751,-0.6514381038235765,0.25526675342616906,-1.4363230021904985,-0.5243455361757842,-0.41089640620361273,-1.8958916040549023,-0.9339354696668295,-0.1619791179960577
-0.7200936749942252,-1.5129495800983204,0.7765202241763952,-1.033395833003695,1.2662295020704535,0.5394307668464867,0.3365760416839561,0.10756412323366282,-0.35152784506976525,-0.7345337800100405,0.0403083156389017
0.37935872487956473,-0.3441677015997461,-0.877833152294819,-1.125635046262412,0.5557593808376575,0.7339802332878336,-1.2172322810270153,-0.11612972819464258,0.13741820031406182,0.2538675865959122,-0.1555987517236892
0.26320079952887393,-1.3380034434644876,-0.6033763653289221,-1.227191264843776,0.5576704914228814,-0.21038602472630147,-0.34867595645759736,-0.4391498942567552,0.9513221707611442,0.5379034564195143,-0.0710634534315849
-0.8408255026984258,-1.035119656952884,0.2330481078864011,-1.4824259624456435,-1.3361524883710703,-0.3782683167771663,0.011473027073086107,0.10362329855989674,1.4719350169951413,0.668220528855673,0.0707948816809423
-1.875025683274205,-0.6776682029024633,-0.33233424673353007,0.39700166798896935,-0.3895873145402313,-1.2027822563502115,0.18175526102248402,1.0531293920720215,1.1062171869029764,0.6398785400868218,0.1581081314664146
-0.24483837053534196,0.9250730246816039,-0.37677637750947157,-0.7561789632095566,-1.3625676108220959,0.4349584280160288,0.9004233616231999,0.4578128090705199,-0.7279728722901808,-0.7035662834122461,0.1332781950814139
1.005093881591745,1.2333600275530947,0.8292645191852067,-0.12022812952827372,-0.45148403552980443,1.5552881545167032,0.43050245807385634,-0.27284132941568084,-1.0708234798812855,0.8994913124996251,-0.2029734764714723
2.1541719896134457,-0.08915927864015177,0.1452113406913315,0.059653353806807544,-0.482658274843318,-1.1616555645266113,0.7116984360529359,-0.4692505691972492,0.16148034962285063,-0.6297360260169126,0.0425457121019193
-0.7067314379315394,0.8455661192297573,-0.8023691961184388,1.8212303239524072,-0.8547337386542639,1.0598743965938484,-1.759643988018741,-0.8419437848795486,-1.5934966937147585,0.8038896779503002,0.3200390634846732
-0.7105268233840736,0.7340837581646595,-0.4013211452328423,0.8279799998519263,-0.37818251306258427,1.202259120777641,-0.9196508708240133,-0.648545898232797,-1.363407941089935,0.5325315906114204,-0.016360187398486
-1.016795237238593,-0.48649635586249357,0.3617839316262706,0.3764750077942546,-0.023707691323242477,-0.11353424298244291,1.2082199331484136,-0.8377590508225817,-1.0124347277818464,-0.07202453339261344,0.1192154240621222
1.6448505555229929,-1.2792788363708494,0.6488958048174739,0.4633377648067336,-0.9677524629370275,-0.1247617977102406,0.1567333940864177,-0.6017502024253383,-0.6237492254351166,-0.6263438692597078,0.1437342862588161
-0.5619707288096449,-1.0625903109088242,0.6637003333370433,-0.46794559408117864,-0.8108370568065583,-1.267489288814327,0.5985305647231375,-0.33426277941779475,0.25965118390450725,-0.5737926378315364,0.0789673668918952
0.635613408883719,-0.14257593484296682,0.8608174662236774,1.2965694592700783,-0.03655827027611992,1.411679903885134,0.03543566583802717,-0.8045696000261602,-1.7837481491751899,-0.6179739468386806,0.1463099414467614
0.12777378103068404,0.1574907203263073,0.5102446565889888,0.8083044830490088,0.03306928203671898,-0.7634952721580558,-1.0652561699064698,0.45634904509018537,0.7199180576234046,-0.07372750719089786,0.1971820362625814
-0.5462239295586314,-1.217012545668784,-0.8437243993487863,1.3442176303730549,1.4549896540210412,-0.32803531120310514,-1.8240091652060573,0.4859325950086169,-0.3559430331114473,-0.5077353643012451,0.5925484901880317
-0.43243457359719223,1.6842083522090798,0.9856693289511976,1.1813809272143463,-0.5431249137711206,-1.742627484199447,1.459863659028304,-0.9737260679843485,-1.1911858564464313,0.6805244689660583,0.1951140416807013
-0.5394156807025037,-0.00801238050017805,-0.025643509552938464,-0.7215496271170629,0.4979456390477167,-0.30549388183253795,-0.8417946589744411,1.6759250270126573,-1.0225939121368217,0.6206978187063483,0.0325396247663671
-1.0369571578814358,0.5362968396699948,0.7376934360412527,-1.4006351347912411,-0.8645492180126912,-0.5680633167674962,0.21955182415583602,0.031049906525028908,-0.21873816993921585,-0.020673221604800132,0.017465899477799
-0.5033774381540632,0.5195995385693479,0.42280548735707824,-0.06548817486773914,-0.18374396944927232,-1.6504793970716085,-0.46763197767592146,-0.4946156522592065,0.05784934612654734,0.7087524751046196,0.1111496831906476
-0.06333034067477525,0.27352910887750065,-0.7585375063943195,0.6986918450057468,-0.04801102589977233,-0.7665245853959898,0.7296122883752468,-0.9838433659381464,1.5773264220828378,0.8130549511039844,0.5552563711081282
-0.8649570975567106,1.873899643111953,-0.12223138491237949,-2.0434516614079383,-0.6362253729859176,-0.9767179506665283,-1.5866048416066159,1.3054865964317808,0.1526605094409193,0.0012849383830767433,0.2494997443940174
-1.9227323187943055,-1.8645580283046617,0.7449144448990679,-0.3360364673667048,-0.5081325247491157,0.314775777925491,-0.29300286400970715,-0.6287663944328572,-2.0867598746690437,-0.10415449488564242,0.0202608444518239
-1.2752262377830603,-0.45231315564322916,0.10964059100071408,-1.0558832878937077,-0.13585425651149313,1.1151704369365618,0.535278341331481,-0.008618753999033767,0.31049601654651243,-0.3672784567602804,-0.2547880613829146
-1.5189161229182206,-0.5279722895408072,-0.015301951816718562,-1.3971558594052125,0.25408953522706895,0.9882430282204304,0.010581878119984945,-0.6686148538403284,0.15877575271701516,-0.39051085406529384,-0.2593135804196921
-0.19696877896785167,0.13009487480952028,0.79999235283612,1.4031542456545547,-0.2377309254926078,-1.3171419315024766,-0.4038743112902581,-0.7417002078845071,-0.07896593136432452,0.8314633352308403,0.6976073381218769
0.255796226823048,2.7567883963729516,-0.6073306587840789,0.8750352786870301,-0.4466036015172163,-1.1828207883717714,0.6087241523208451,-0.8903635078232998,0.5878856994828084,-0.0892676467283856,0.0585538046059818
1.3375996038160747,-0.18882191103347987,-0.23544909740835643,-0.05725061767295986,0.8568904093437968,0.43649444362075945,-0.38648784486164983,0.09365168234924294,1.2903170409022593,-0.8950282746425474,-0.0061850737335552
-0.14770096667977628,-0.5190559221516615,0.7829181033499658,-1.4983989332864114,0.7102659268354483,1.1690500541165711,-0.01832558831100904,0.7450843815208863,0.2830568427344536,-0.9405186585180615,-0.2173247825012674
1.4185713254415926,-1.1894994074021634,0.12210967858148254,-1.3597135372129165,-1.0310789849237847,-0.9364726220731829,-0.6026344444554518,1.4611806079531202,0.4833957004480398,0.08635501496545779,0.1297919137289971
-0.40651655353448024,0.6735102747789543,-0.28981457207969913,0.106861486156371,0.46435072243644193,-1.3345638077270978,-0.05513752382616592,-0.6565076786722791,-0.34428770232784983,0.12658028968406138,0.5931151928347179
-0.4495972298864608,-0.0551730903206757,0.5328811858057657,-0.9446956202934408,-0.8398606419400632,0.8342359016914522,-0.2641659649249087,0.44267753807367416,-1.5558175470579527,0.7602200137678576,-0.2234059364670595
-1.0361559380431908,0.1457468737447097,-0.23169727010106417,0.5675438789885354,-0.5285307408539486,-1.1580974916129867,2.2543994065232096,-0.9178308442344534,-1.5665750666401845,0.6314353835892498,0.2264294211914118
-0.18920503205875167,-0.5691732760701599,-0.908964089793756,-1.0769848447775898,1.8495747035567929,-0.8463717774040812,2.959449085207112,-0.879070898424227,-1.2167172973578202,-0.37788303006289725,-0.1155672994120684
-1.1405832163136194,-0.282152658686851,0.6946861555001448,-0.7487481101422148,-0.03985269473095706,0.6498080793221097,-2.117907895641993,-0.912164971176708,1.3365478086270424,-0.13391195475350678,-0.1008437503498327
-0.5233741975661304,-1.2567078156163676,-0.6501941132955438,-0.008788429548574391,-0.8125760657568614,-0.7451719311876032,-0.4880520384149451,0.7683292974896613,0.23955498683173743,-0.21320207314520115,0.1630971174068327
-1.178845469076621,0.35074363750518917,0.45267431044499157,-1.324858712855768,-0.26516539463718075,-0.12281401629589847,-0.06365714883291762,0.459779423104518,-0.7328040290657281,0.4580254034979361,-0.0399897622410775
0.2783219054141276,0.14396492661944266,-0.7130131170333058,-1.3625888797876002,-1.2563421276203073,1.3880419092287424,-0.4168911680467741,-0.8605867700524484,0.876404387233268,-0.5083387663398791,0.0381300672805263
0.22991658992870287,-0.48446192845064245,-0.18496453734472088,-0.4900400347971846,-0.54337880012334,1.2652602242100968,0.6621792460043223,1.2921969031388014,1.736821395665969,0.2552302508501906,-0.1540697737897707
0.6736190050972656,0.2930495602448844,-0.9391505900192622,-1.107489557601006,2.102728069635102,-0.917357798236474,0.0687855306519138,0.22026697347522745,-1.0237169215169346,-0.679405189930881,-0.0807833748828277
0.36419066665980665,-0.49214948310736495,0.32381411670562976,-0.059368765328734925,2.0092238591110254,-0.8319433742111763,0.15120172565039472,-0.372296501859874,0.34972702610040474,-0.19705592698921165,0.5635931780757985
0.4398270648463356,0.480236212557665,-0.2938895961296351,-1.1569986006398962,-0.8509032682296639,0.9773856420759527,-1.5259125121470192,-0.9681722694801819,-1.7006341772347269,-0.36100741568275196,-0.2781979382535018
-1.473271226192112,-0.4571835605445821,-0.8830415418078708,0.9928463903904755,-1.1148464100288535,-1.321925860799808,0.11786031977487392,-0.8057748392771791,0.32241357726146375,0.29297735721687745,0.2653346932295098
2.2186410732113644,-1.1840909361438428,0.7223955279142178,-0.6762313315696427,-0.5380807021395265,0.8734127470940904,0.44495753353273987,5.033551070719297,0.03915977986909627,-0.7678030559475725,0.0357025150424167
-0.020872098151647856,-0.07021624328094632,-0.10303253771557043,-1.3240955745871914,0.9824408321898815,-1.4424497832642433,-0.44766247296456213,-0.2525883691582028,0.7555180289052773,-0.9103584153013731,0.0476595563806107
-1.6538980146439628,-0.6688291053306482,0.533274510599903,2.61757452818411,-0.2652881848199678,-1.1062625954500451,0.6235826822739993,0.5030659371178071,-0.05338886478632629,-0.5170980848505322,1.0839239361163204
-0.08579288878601209,0.6462714275938501,0.10757975596176471,-0.43297284814978215,0.866097273544989,-0.8072802316462437,-0.16902209434427523,-0.7418793119935003,0.3920295987636793,-0.29957612371350456,0.0187435766042925
0.6576831261266675,1.091671984708405,0.8827914749386752,0.6991810345680067,-1.0205013824958422,0.906157199887862,1.171650182380107,-0.8252532653365144,1.7111426853932727,-0.4253065382193113,-0.0009273673328456
0.5956331549703796,-1.6058354795296803,-0.9003863184063281,2.401122280705328,-0.6270463465286217,0.022125951000877334,0.5762197700837403,-0.9250824079794913,0.32984369325604534,0.2059351353407724,0.8137896510390366
-1.2825999673170554,-1.6875229667482876,-0.6833306909307487,0.4072901407869858,-0.9495993547484856,0.7626408331028253,-1.5438695223840129,1.9467932535654588,0.8153188772281535,-0.05352338369768949,0.1533041974309115
-1.0372857500949753,0.9926252073483364,-0.5106564963425685,1.174227795498322,0.31188720869343134,-0.7631130296155196,1.1682397997093723,0.05011029725947637,1.3820682011750691,-0.36637111649158033,0.1895578559203553
0.11374664476596424,-0.24103830373112142,0.16913944432323308,1.2896997110615036,0.36029106916875364,-0.5641326390459145,-0.606048182642929,-0.7682042652593907,1.145727257909812,0.017136501211588693,0.3657582896381834
-0.2781085208423906,1.757517018878865,-0.6618275395354798,0.2043740724214113,-1.1295075255222802,-0.7619992160569772,0.17486153496405227,2.661634969694527,0.3752547091371242,-0.8019336266356889,-0.1225273902879449
-0.1555700883693737,-2.0228030817155838,0.12044555600574736,0.012105587329910345,1.1105198981722006,1.6192982934235538,-0.025271681019196888,-0.3005037157407095,-0.547332598979212,0.5715565761036188,-0.0326622798245158
1.2071138864229631,0.14389998658816702,0.8158041320319173,-0.03838583673080781,-0.16926363126164726,1.1166147215736426,-1.5268520676452528,0.9982591787466062,1.972581502054157,-0.2906364026039627,-0.0995685539533468
-0.18123217910121492,0.04704997761036871,0.6988711977222818,-1.0080232477652478,-0.7854426205922773,-0.09569720528397364,-0.04404759827067089,0.050305410194798776,0.3171499755105229,-0.8300564467995747,-0.1280851891562187
0.9288851497655104,0.14026916625296482,0.09024000733217968,-0.6144906904816333,0.417668104462987,-0.8614041229469281,-2.6006789078679655,0.30951801331859113,2.129971484878403,-0.3480920091650294,0.3482765164368441
-0.38068826891328383,-1.5899899463889946,-0.7886773918033491,1.2852095940841446,-0.532152093596288,0.988621094198052,-0.10349228816461713,-0.6371850859549765,-0.5033499891461953,-0.0016896074646387408,0.6777250528632248
0.14789876105417743,-0.7429611053395646,0.6792223951463844,-0.06523620197242908,-0.7500551690807341,-1.6923662692150225,0.8104997656745453,0.08545803655870882,0.32459638043774997,0.8260474156884199,0.0349168183132966
0.5356556539276378,-0.3204271539254366,0.8737278249973242,-0.05730994091369036,-1.1367589868793733,1.0405500587047498,0.6219147137874373,-0.22192417255868535,-1.1790915994962705,0.6138986295080583,0.0307384599767384
-0.6407666116189165,-0.004095282438021114,-0.5068316174979701,-0.14962195296596334,-0.8768465145670834,0.20741924927770358,0.4895147532198158,1.9624952273390852,0.3417116221794847,-0.023265014424148557,0.1459450005774638
0.8439536492962999,1.0378295759283778,-0.3487598115737593,-0.30495253121243665,1.3475981544471105,1.2772950207509597,0.9779416923260471,0.7567278156251904,1.8581892578955943,0.18377837790934964,-0.1815758214580174
1.2252973328869277,-0.1534522899509517,-0.612400839235639,0.1809691400398138,0.29879345335021884,-0.23516146789129042,-1.6401259817928737,0.07465069464251972,0.3810715211497188,-0.5723929241211989,0.1392943305392968
-0.8471493969138653,-0.13654765078670794,0.3249410750411564,-0.02523017149939323,-0.7840327593911376,0.036409100762320866,-0.9528794551196409,-0.6171350686697054,0.8083429131462245,0.08886770569663055,0.0607017523027355
-0.7277815996242119,1.07721053615043,-0.31748979958072754,-2.1979524390994754,-0.965449166188443,0.6110733954738932,-0.9138354660480319,-0.8859876467327442,-0.2001750099294248,-0.7207970349930186,-0.1321396295831715
0.9980119380703729,-2.442241092171878,-0.7916076783535537,1.1120180545645113,3.048468609010843,1.139809879292811,-0.0032455320935617996,-0.4987091575201857,0.22489667969429275,0.40747834402368327,0.4032225584315169
0.44148723372991583,0.7079341827967777,0.8669195353910228,-0.2871480095759706,-0.5156197227867529,-1.4011708374134395,-1.7296558816037477,-0.7840314491276281,1.3945808340057972,-0.3423645894401309,-0.1225021525391407
0.06962606689913703,-1.0990726632655567,-0.9411749306428745,2.520949253062121,-0.4244900216659055,1.2858073792866498,-0.06906699775247016,-0.3398162480008286,-0.29599465921423596,0.24266300033967686,1.42475595242315
1.6470154910197086,0.4094154642240224,0.315772166438593,0.004032053949870583,-0.5368278735781474,0.3417421720157861,1.5391990600474401,-0.7093760699707236,0.35570830354592686,0.4442800404400436,-0.0958950195151109
0.7779332804622103,0.91705639592526,-0.3788174649426983,0.5209968880991817,1.6162735046802148,1.522372131321459,1.1452495711843378,-0.19387095362640774,0.36668146074640173,-0.6485194352207174,-0.0538983510920233
-1.4735331814337085,-0.13162549060760897,0.7440993754307125,-0.3554156675339939,3.9667048696994134,-1.2054078850935017,-1.5208123764548525,-0.8465758913808022,-2.1827034338596314,0.6555418492991655,0.2169881334028396
2.2726497978778437,-0.13623158718503092,0.0036268730176591234,0.3545595045558996,-0.5524524954184047,-0.7822165257384267,0.04585041418183291,-0.27502426111123607,1.435270566565444,0.514877136180918,0.2657958869366761
-0.23864519951623983,0.6269303091718796,0.5518367940212537,-0.5804596733155092,-0.7117964516528289,1.1553970174424402,0.17554375481279613,0.3111951464102648,-1.3162607070631032,-0.8553852610354701,0.1394387488740252
0.47388118726296935,1.0024352263002168,-0.21529986000130474,0.14958636677346285,1.4195471111607478,-1.742185526922367,-1.0524675074909264,-0.2766816059660375,-0.6071970161134829,0.34475654409392786,0.1368990418469845
0.4046091934346474,-0.8875903681210658,-0.7000406821572459,-0.9772337449630826,-0.824666830775046,0.7405714241896155,0.7686138998291264,-0.46665064947748836,0.37161393914465835,-0.07225400106195731,0.1917066549760943
-0.9487204962432323,-1.008109693807675,-0.8767665920118219,-0.5023697726708092,-0.8796933013288862,1.1834770545113753,-1.3659177705239436,3.5887980867365106,1.9134584272635184,-0.11906377713115003,-0.0480719586352936
0.6206931782171644,-0.26961214141309486,-0.5204859397232269,0.4280820801404647,-0.9217380797914628,1.1405091981672282,0.3790133998017284,-0.3085867112191707,1.8735335370980364,-0.1294256083733406,-0.0100074187313967
0.0630102893416341,0.35848677654115063,0.3842380479084006,0.865540115477522,0.5833933099278155,-1.6915668454854187,-0.48288517842129125,-0.3743367533730624,0.6017249943654112,-0.5306309983405729,0.3640533813998852
-1.4849795912277106,0.889487369810445,-0.6356946034205406,0.24363248640470206,-1.1868110340605884,-0.4432934196036984,-0.19159728362079945,-0.3091408120310058,0.34395080331837247,0.2119070014150964,0.0008952047804303
1.6743390938538454,-0.28098278914496083,0.014782569281720913,-0.5015494292955137,0.20975401110266173,1.426673825982627,-0.9838902728743828,0.2827758383102568,-0.27977711923442683,0.05973175598039422,-0.1380590104345035
0.09412630687996265,0.39982423575708004,0.3615917004589924,-0.5638229022465049,-0.9207373030715633,-0.5086548063785421,1.0825706525921348,0.4452331861606835,1.0582970019922335,0.619263133408042,-0.0501314724185971
-0.9118824678802055,-0.13451925798154302,-0.4984848244826476,0.7800633530509845,-0.4480981507262295,0.5899326180013539,0.49159166895365425,-0.894884334084869,0.7470534167325351,-0.726477275660572,0.1102792671586366
1.193536767157104,-0.9297873234392582,0.8129358688376692,-1.7522789215747094,-0.37884824658131544,1.5615304690892036,-0.5436609106632351,-0.2911132813767053,-1.1432522049794582,0.011550502065496269,-0.2177334428048999
1.3869383116617333,1.4036733249753464,0.23823478527299793,-0.31643482725814365,1.5692512560302256,-1.2297271565412808,0.631887927097094,0.8985337569382449,1.39829799407245,0.1740075966266899,-0.1595199266012061
0.8659742525476818,0.38255413777934555,0.9378938269876331,-0.20856086444549882,0.021623953409627878,-0.1277449114552601,2.1568982328835546,-0.4691487222222358,-1.6907755355990435,0.29980888968193686,-0.0839676646706423
1.1684880679838832,1.3633814389380778,0.22319363866730801,1.2000819074175568,-0.4423783950302519,1.3534376512408843,2.1169428089836018,-0.8738600539731951,-0.7380520895229838,0.2615114571586549,0.2646668233388726
0.9949882629044041,1.5925817116564707,0.009701254053275328,-1.2507788609612793,2.0876311458232584,-0.2447426937324254,0.7501465880299536,-0.5477874537907825,-1.630180046571239,0.13352186435797733,0.1795774058230161
-0.7204726829372008,1.4633226692710168,-0.3305507162833041,-1.9033946100914563,0.9520347607731883,-0.7774846206316695,-0.14705732915504674,-0.37784111012619975,1.091237055827672,-0.005662136897621847,-0.2989613471525964
-1.86666494351528,0.03159330880389704,-0.9904127510932118,-0.3788637307244731,-0.5460856369477126,0.5723384165841904,0.40345890929915834,-0.37128674937652895,0.4210289017924188,0.08370152767461692,-0.0544445557731862
-0.5625149041824603,0.8496844217851419,-0.4240963433245167,0.2840111588859788,1.1740845547559295,-0.82321863284594,0.5279027984333527,0.08455432751646068,-1.6509536555618518,-0.5736964994977642,0.0486827896769585
0.4759356025726554,1.3706975991796269,-0.534774076778153,1.5903401702788451,-0.5004235601761632,0.09585483258454378,-0.5057436451609686,-0.4769359369638657,0.0475128457248966,0.26880046500723204,0.6611164446138861
-0.09130433931538219,2.757408935711323,0.9768840241797444,-0.007954323490630626,-0.25712554099768803,0.4956334436174435,-0.8796699554037034,-0.5882361259544765,1.8439469072815105,0.2174121893650891,-0.0197780574303948
0.2702390867678219,-1.3180563493413129,0.5966544418449228,0.5163450940423239,-0.8975830075553003,0.9374175650080907,-0.4686362865069199,-0.3298762669234748,0.38932578728256667,0.43486400051992136,0.2021565088761173
-0.7073300858988507,-0.18478938795109273,-0.8521537567166558,-0.12746874817900644,0.6405641697845139,0.45015922452861357,-0.18870107204369224,1.6718002320702323,0.5436454228472637,-0.8335118650909439,0.0717137886580405
1.7281548200694905,1.1897130475276898,-0.19611310109127672,-0.040430870931938534,-0.4508067024566385,-0.09001389841994513,0.610972071928573,0.21059039577943198,-1.0473028509493372,0.8434121118561085,-0.1026267637077941
-2.40090876208171,-0.6929675692114231,-0.27691412583651487,0.05910014591613647,-1.231810039559837,-1.6923433755635366,-0.5145684097985203,0.8833802082409974,-0.571928626202505,0.424313477987873,0.2273142043602878
-0.5478843869723208,1.0044617642901816,-0.7707953076021573,-0.8180089090513535,-0.6823211537259074,0.46757643025314344,-0.987523320224648,-0.7395183625580809,0.9552397418137835,0.4989763044101435,-0.1231856043901302
-0.18230189630989752,1.386808962082703,-0.3695099447585296,-0.11282904099317087,0.23206817515434433,-0.6184440133469853,-0.6463940041669415,0.28044814267023094,-1.4851664492109662,0.05052221169158467,0.0338405671910137
0.7783622472581228,-1.7494833918634762,-0.18369497486815198,1.5269300805451416,0.9251986566153992,0.19094518627398632,0.8025697487931336,0.4687758359570087,0.3921874576668394,-0.11305908992543155,0.6267654339829632
-0.47539672608477823,0.8473465505186264,0.6470205225396246,-1.085865158205859,-0.19565287490838232,1.083182334722023,0.9076056325845685,3.9396136493837544,0.5913451608857226,-0.5461293111427385,-0.2393522713082394
-2.4540497430962103,-0.4614730822406398,0.8253481243368466,0.4922440551031023,1.1877841385949366,1.085108437067332,-0.6860910942076881,1.6129480941812353,0.6435963978812358,-0.2968136639730147,0.0575705098295455
0.09346705974577821,1.4867946455508456,-0.09247167136929475,-1.1787645522824617,-0.7894962981045268,-1.1142664370790252,-0.33779799771816543,-0.6624624978411389,0.12879503905756395,-0.5755864375766274,-0.0594690255846365
1.1197264153981261,0.6368937302474378,-0.07584681075660472,-2.078139965949003,-0.48632094280088267,-0.379480282701253,-0.8902237468118679,1.5899160656126372,0.5650473604613183,-0.42372815239738576,-0.2475738169044153
1.059252388959271,1.0847438038234458,0.003269667836782301,-0.15340470349122348,3.6102693395605714,-1.6991412388897782,0.4717145554304689,3.153205357965189,0.9864609460456367,0.24715355061902033,0.6312925869421802
-1.170231531715941,0.43367378898318887,0.09051160913754645,1.3714241008038042,-0.26806766352663824,-0.19305455114993908,1.3153400682839402,-0.4717066720373782,-0.39889835625434833,0.7230389990646674,0.3185926499022987
0.7020708113443915,-0.04327303809205374,-0.45593282796825213,-0.20611855199542156,0.5171589670934241,-0.9656697491134973,-1.1323397758233125,2.09263242493655,0.4573685041600217,-0.4566699867580363,-0.010092248483187
-1.4994137901923361,-0.27890858115487654,0.8561296619347222,-0.38082108618374505,-1.5049136296421577,1.2892466776919158,1.3410625822957993,1.5091135145466188,0.08990084418907081,-0.42809329801963353,-0.1151651958405291
-1.6328766629573948,-1.0880262695360943,-0.7688900400955869,-0.030349884617631908,0.012595390760176047,-1.3917119420350108,-0.23464597025753808,-0.7272217437727948,0.4949811245798658,-0.7666789862291509,0.1936078344875578
0.2090095262527695,-0.007784741364699962,0.5028277135341537,-0.04658553899598212,-0.13606168945827835,-0.39743075075956497,-0.40485267493614185,-0.867171491510692,0.0973466932673029,-0.1732857326224176,0.0321692360989906
0.2741537672723961,-0.05277724971584795,0.3243623953150708,0.2995133544280899,-0.6046142939568739,-0.8348513876808401,-0.9054177495227567,-0.4498185429678894,-2.1065312268238356,-0.07680058869046161,0.0511981313954264
-0.5016559234840418,-0.45831003603154963,-0.3556782261722531,0.4229116324697395,3.6707929678086795,-1.301912420895492,1.5695219680226327,-0.6814604736815648,0.6083294781270883,0.5390063459315726,0.3293417486560982
-0.7500412156008633,-2.3215666960713417,0.07504087953736685,-0.8742644924248011,-0.5882396845806476,1.648651936867977,-3.2956250534390072,0.6353728946555002,-1.894192751343549,0.6935826424830818,-0.1794127791366933
0.32839600972090355,-0.31843363349201453,0.4160571437742976,-0.4231193214523526,-0.9146063145485531,0.7920228700046309,0.9034982840290485,-0.4221522101312838,0.2998731000267739,-0.4398214979141425,-0.0596731890370339
-1.5713645395960283,0.34580945657482587,0.32017079820429584,-0.26295451289089256,-1.2256773854667455,-0.5469484217931786,1.3405497162254627,2.308108711037676,-0.5412526772843622,0.8481624188470717,-0.0652669523915865
0.2766116541428643,0.7767830002754749,0.847179067565845,-1.6665683256320558,-0.04034406338635625,1.4917390546063292,1.708280265475729,-0.5453717977482555,-1.4350041400710971,0.8029062730655175,-0.2966552545801257
1.0365621119506157,0.19019915017139605,0.5118989719156857,1.8954705028727972,-0.44781063129784116,0.7024415784283298,-1.9701800251548927,1.304430799907287,-0.04429244833101851,0.739833107383403,0.5020792422337292
0.5550728791927421,-0.6821971266325545,-0.6244918445389384,-0.35299147736854253,-0.5219713109308544,-1.1350261999110345,-2.020201217403382,-0.9300881390590238,-0.2553309560843419,0.10227789768317826,0.09814113293999
0.4826127603521214,-1.55728013645845,-0.5755504955420937,0.35797276334669215,-0.13438301856452628,-0.3225234263498456,0.6329187480522842,1.9413094809498017,0.8270134844332081,-1.0,0.1859120745889694
0.31779086950073426,1.9492247135784588,0.062118550306494394,-0.09230475191438513,0.4238143845088624,0.7143863360627086,-0.5233988563766169,-0.9008587113600784,-1.565898277509411,-0.4857799083507664,-0.1759113161302669
-0.16279172692034016,-0.9925192012317541,0.7349710714428671,-0.6009121628181413,0.12608253495889915,-0.1654648729839713,1.1404720208720358,1.9671645096017238,-0.020444294172097397,-0.8577864629420991,-0.0323242038105204
0.010639961764684302,0.3083305522804831,-0.4883313668736129,-0.38165227426472975,0.786081057659841,-1.4041358020267174,-1.1054268993336598,0.20056651145658408,-0.059670806836629176,-0.4491528206383362,0.0265858300261901
-0.8752778607670103,0.6148485035371011,-0.1511043589507098,-0.9211274672666814,-0.9528865817926667,-1.4365052133353993,0.44808558457558423,-0.6751290535288941,-1.2343695643118515,-0.585878158667494,-0.1818142435125036
-0.0783748474275645,2.222647100071761,0.15392513350643583,1.4109506536672456,1.4620061801702398,0.397074367542527,1.380322305246939,-0.7406755422515355,-1.7983456912823927,-0.27426191599838123,0.2763448784313339
-1.387736859425269,-1.1490464832285396,0.07865837744238721,-1.9312041584699446,-0.7665026588313278,-0.6390647815453214,-1.670379596567224,-0.8854667483890276,0.6633657874298714,-0.18673250886770906,0.1480665431422669
-0.8617878942330609,-0.6760504771561037,-0.724620194753706,1.3194807491101308,0.5416801921963215,1.1015954659042617,-0.7039568799493965,-0.8706850266501512,-1.6889153904705902,-0.7377748878670403,0.4304716115316356
0.31012256379524356,0.0019076587835587509,0.3007603463328489,-0.6610080346874007,1.6263807852627719,1.586114810960664,-0.9911396560711722,-0.2897884814190976,-1.2638117240244489,0.4503565702670965,-0.228453622702823
1.7476160637774365,-0.3890612992147137,0.8215137569201363,-2.054550746676574,-1.074266758890979,0.6996518182969702,0.30966175754622743,0.10740428703038278,0.16228492929361005,-0.7562417824894629,-0.141057714983082
0.8990977365995296,-2.0358131763298006,-0.9862628091236773,-0.14700546040191345,0.0281535582437089,-1.5758015386888562,1.496924461835092,-0.1500939892706676,0.4958333126366357,0.6173751650699035,0.1250056681798264
-0.7076571843427303,-0.7126274142196871,-0.9032621772266175,0.013048988022781274,0.9482232974827036,-1.3920254603256577,-0.8230357895423431,-0.9553760511471651,0.2648281255239366,0.3186956346757472,0.3395868848344198
-0.4675355624723006,0.15563611332889424,-0.6453664033379297,-0.7238996321397744,-0.40533209077010623,1.5996390053602072,-0.4719449168088767,0.8530841823060173,-0.8459231231244987,0.3267036822709637,-0.2378261244447302
-0.31981857157214816,-0.2949066163383247,0.6592031426110153,1.1798821935674297,0.10538153041952676,-0.48255131807748586,-0.047992216670173546,-0.9641370166886998,-0.7530605858090107,-0.5467867033679497,0.2730498955506028
-0.4135256165472143,-1.0296493355906295,0.5671915270596852,0.28488576139735305,-0.5245554212603579,0.22368663539169145,-0.002827433387525206,-0.6589783507092788,2.037934225297978,0.7724553091216787,0.153074024690499
-0.3900316960622979,0.22791810907986565,0.6730604870445265,1.483398245725316,-0.9465275653724554,0.6112847224076343,0.1032324535426072,-0.846607597446576,-1.0816291289308668,-0.10867975476365167,0.4114228748873217
0.6614370841637434,0.5295622352740218,-0.27607475852144703,0.9478829532908362,-1.1459337034651225,-0.9952681612216627,-1.0875791261898407,-0.7208166643252036,0.4142044646646261,-0.6529502852263905,0.1456168517001641
0.11166584041397724,-1.5037933264957069,0.24312088421196498,-0.5008300653732806,-1.2113520088295104,1.4158824544707036,-1.1784878817962718,0.412979192111479,0.21592071608988417,-0.35467090053878525,0.123078850674384
-1.2715958129506766,0.017679602327420413,0.6303281057717043,-1.497125422696007,1.0217214756566584,-0.3433870244404541,0.9363773803270943,1.022672904016489,-1.5824150774202081,-0.06035103608493408,0.1780253144869302
0.25647456855034845,1.8706207192303634,0.6180616967783652,-1.016091023657935,1.1651146117610967,0.6234826227322596,-0.6383105156831859,-0.621949542302155,0.8754144500884858,0.5843873134518307,-0.2616034551905023
0.5372734423867868,0.38125434517549117,0.82819599557817,-0.8308741336212112,-0.5778240492472511,0.13330410222104772,-0.4241877391458785,0.7148579084868637,1.2410318866292593,-0.19665160702876977,0.0797702173423858
0.7302614608042299,0.7442380565728407,0.9178146367203287,0.4967959078132007,-0.17243780282051774,1.2949792623438188,1.0909174820893126,-0.6845884396246587,1.808867068926757,0.35482765343946626,-0.0772853397965372
1.9353429105888145,0.06323208626714152,0.14512451974897184,-1.2201751578309081,-0.1631071951859118,-0.20180026930893288,-0.28896931814978705,0.8685359797416085,-0.8286403980435505,0.691496915801454,0.5363690752339567
1.0758356037633034,-0.09229777380715738,0.9663582816239782,-1.2162683748469638,-0.8367289978503318,0.9414943021506316,-0.4506353354713948,1.234703851152315,1.5937725755919536,-0.25482650088962466,-0.0955372963029692
-0.07904625177417762,-1.3939493276987447,-0.26508845246800367,0.9243043915285324,2.831337971160504,1.402631840369901,1.0212029668744145,-0.9113142444613992,0.6017281572093902,-0.48906681272580954,0.4816735549994045
-0.031112192620128862,1.1676560879008324,-0.47079618006943974,1.5823652175759648,0.5692392657111732,-0.2861578676042701,0.07635352915578239,-0.2374226769943912,-1.6903871943952682,0.7330342667818606,0.4192850444395739
-0.5840089367337953,-0.48835039322240054,-0.035676428762200556,1.406667932705984,-0.3292021618651508,1.2684359458691483,-0.17063069912202,-0.8917000134277138,0.5158262486013637,0.4568904753771065,0.3895763499199196
-0.1714980570837945,0.012915930188686829,-0.6644079118321968,-1.0904806416804627,2.6784748579133253,0.637668838982126,-0.16601841251706728,2.2082529428789166,1.7185046025706885,-0.5287599804729448,-0.1419006788580413
1.050403614104499,-0.27034355810780836,-0.9024598368252872,0.871764013253468,2.32346166555736,0.04141521920356847,-2.462473461701545,-0.34627077888954466,0.6845562373620139,0.7882206990847743,0.3370776224873423
0.19026141221571424,0.08153909481939763,-0.7389287012273716,0.6682790531833523,3.230573703800031,1.4256436143996865,1.073322273472838,-0.09170834951769682,0.35522496653296565,0.46517031080120214,0.0872070716140306
-0.6833213015190959,-0.21217354728818857,0.6226637408445251,1.8271071669448564,-0.2041624863358165,0.3170920038297593,-1.1985370184441537,0.3400384384845235,-1.411349317385199,0.0405190770813953,0.4896274449346592
-0.6777641073484806,0.6043752722286808,-0.5874034115137444,0.47532908643733945,-0.9347585042217875,1.513130477210765,0.1779368378236478,-0.4727316068438887,0.6815027182638141,-0.12193204621279374,-0.1434769936813266
0.08929682418471038,0.3982360524216524,-0.9505680790340251,0.45671569526549793,-1.1800521596071643,0.5563554769937191,-0.4036699289675542,-0.4453118251287448,-0.49618358757314585,-0.213920186687366,0.1071918490449876
0.4735072649754733,0.02467815651155684,0.8169233288105252,-1.1708566550173138,0.4201399179741618,1.595481925262938,-0.24664961610887562,-0.09679302322979984,0.837537789564293,0.8923049127678124,-0.0699408689476009
0.3893943688289341,-1.6269845214989407,-0.9360820854142546,-0.9192810924369842,0.1353317964195291,0.8459390040896391,0.26471138296164665,0.20655382642882908,0.7188288415663686,0.13308214056341836,0.0913624843825429
1.5717454582227504,-0.37111350519488023,-1.0,-0.015862098145827157,-0.3385858885994151,-0.3580236870038976,0.31274715762071265,-0.39263480887072744,0.2620023954028546,0.4502852951531427,0.0308754740962422
-0.029257071152991775,0.2538824867998458,0.6890675112642344,-0.23633470661906789,-1.3300422888500463,-1.0466058809075418,-0.7691217659879241,-0.6183665234828419,-1.1501921468838323,-0.7140542621651983,-0.0549460229455016
0.7477404370696632,2.534559526535329,0.3301573363802776,-0.3212242679421269,1.0890327834880131,0.38367245692893853,-0.1539783007635161,-0.6867074243522177,-1.0889618796777263,0.8060513263521912,-0.1966283784658311
1.3378233102719206,0.4228578298034945,-0.34479201259614967,-1.981342232995223,0.3978694893104096,-0.3747406680257354,0.033518403552855784,2.589628998093647,0.06575847102891086,-0.30338537269112664,-0.2810616617128572
0.7536274504375823,2.453842373485136,0.7832963781476484,-0.320284963959293,-0.16042779995926604,0.524031352966078,0.8664119651723116,-0.05522927070344001,0.4489287577877342,-0.23283542462282247,-0.2934483976819922
0.3564910606154027,0.39964542866079106,0.6423283476298155,-0.26168929771275534,0.41404105208213393,0.7780107376595295,-0.5041633626058192,-0.39499335606528696,0.3118191995463154,0.3214625444851958,-0.1734718485778471
-0.8163983759209082,1.1970856330410422,-0.25147325830859996,-0.7057227121204888,1.1897446665847566,0.8550429489469079,-0.5196217017153998,0.92237005046882,-0.030014806666791002,0.4335748391336839,-0.2927604422843997
-0.7058132317060013,0.11977962707770584,0.14599591528579853,0.09928698918196925,3.336247891837462,0.6673180200050117,-0.08086762089479728,-0.9103396896440866,0.2738135912773506,0.36668542725265074,0.0586655188058155
-0.053065666331927525,0.013670530820081265,-0.6854503081768826,0.3043629557371593,1.5693776902326149,-0.4000816226393502,0.08022496647930026,3.0167268704429895,-0.5012981602132028,-0.3287853372128036,0.2507694551267825
1.2694079830656948,-0.7354866767175866,-0.17808900456111143,0.06846629898418541,-0.17718472905983565,1.3034093890394252,-0.31719095212608134,-0.7966792800213252,0.1770008454160705,-0.40342018718881156,0.0921954795574329
-0.7460794796649513,0.5334191684888892,-0.3357454270562996,0.3280626644969365,-0.4016621530270297,-0.40151817210079327,-0.3114529547429099,0.02087089142551123,-1.3173918741046227,-0.666478497008971,-0.0155144736216411
-1.073539011299328,0.12852449733467997,0.8134705135672416,-0.4389743231450401,-0.829904464338417,-0.5944005854426471,1.9841930468542401,-0.8690677524203195,-0.3020844551769479,0.835785386736952,-0.0762986481368038
0.7210641868984905,1.347490966136523,-0.47929709809360854,-1.9486614799485829,-0.692217555966553,0.04710835615361531,-0.14511828671531055,-0.7663803409492085,-0.5928608980017701,0.5517079323783055,-0.3493219729197945
-0.8097287544504786,-0.27767202458711493,-0.4186566728267547,-0.1502028457501802,-1.0582086786328657,-0.9352506257847657,-1.4688114234527792,-0.727304227525805,0.4929630048845151,0.0334592557210697,0.00422004234507
-0.3476613573763774,-0.04036355705530312,0.09302515662287095,1.6461693123411836,0.8983678072864361,-1.3823267723613448,-1.7116061332794263,-0.9135557701914214,-0.47258546992796935,-0.5265353299454693,0.413946530952063
2.0092411882692427,-1.5517459857574414,-0.04801856783055096,-0.8283958218281942,0.08518362794698324,1.4156630878310128,0.5663346556570594,0.013985776110514745,-1.0906906718019878,0.9609271808531707,-0.1083768810344043
-0.3413126183193741,0.13054239774799103,-0.953583313909143,1.4066492473074383,-1.2474528124131592,-1.3284468106457084,-0.487033201812684,0.030367753434556926,-0.30142190501491695,-0.7990241135028514,0.475631791708329
-0.6671933884467663,-0.6369615661739014,-0.6480834805359726,-0.5277532074972742,0.8124733656147297,-1.445959957875863,-0.5910047599850954,-0.085748461012467,0.3242377983520742,-0.6409156267380635,-0.0634732369030989
-1.1209831835895374,0.0882945358563964,-0.915561749166292,-1.298112364813342,-0.9922274905377677,-1.0233917615012507,0.77108113775118,1.6443117883753773,-1.7013845487887271,0.7830084193783744,-0.0471214094682614
0.9790738348921143,0.4441479513385994,0.5834342674414729,-1.2368817424533494,1.0443087842495815,0.2174871768357923,-0.4101843482462492,-0.6595758554380622,1.532399189735876,0.1260188709518101,-0.052063364970561
0.8398601651651268,-1.0613628355252556,-0.4016804436769046,1.225910151200473,2.6848563428763064,-0.07481945763294512,-0.7071369916249459,-0.5744084666813208,-0.6670017986759081,0.5449672114100899,0.5965239119798426
0.622544365261431,0.7362466257203203,0.43214964448552834,-0.08573336647388911,0.7579354240298886,-0.0964320499707224,-0.9754699511068354,0.87642053068347,-0.6220114087312003,-0.41358642504718696,-0.019699323810614
0.011868363824023896,-0.4049871604511376,-0.4085679184456417,-0.5873349599056333,1.4504227158602014,0.8970079163372308,-0.7244102298626919,-0.8741861487198062,-0.35159295556495573,0.5389226128287271,-0.0880777318296292
1.9531647842685507,-0.8980426614092709,0.5819889051716717,-1.3707807218391075,-1.1391865430340862,-1.6326392076714893,1.6861877173570543,-0.9398247329752482,-0.004421944648687127,-0.5441022242624485,-0.0711058671754658
-1.0616309877880372,-0.573933169324927,-0.7336847750625866,-0.10583660895390927,-1.5176975395468617,1.5866091483007387,0.6782492815283426,-0.6510114033025752,0.17565487419164752,-0.48900674904277885,-0.0692693793525641
-1.2018612254391625,-2.225369487369475,0.034639826369011764,-1.298870357134207,0.40567691780549336,-0.763195116269821,-0.2821187340036242,-0.16335675673695924,-0.7855476993136647,0.815093530765868,-0.0021174907702183
0.19668758734052283,-0.07130704104441632,-0.404473628020226,-0.23327701263458478,0.5377133178901986,1.261028989960802,-0.2381786085675786,-0.22895812397601797,0.38012943869576143,-0.6106161777403378,0.0587084846597364
0.4053674886094652,-0.6302878594611258,-0.03591878974090539,0.2636281635135673,-0.07611511794077067,-1.581963343044327,-1.9734607137750064,-0.32360445445878155,-2.0804511832650783,-0.5204524212749668,0.2962338146230114
2.5295112601495764,0.020047985939074562,0.020436606427994233,0.3993400477183469,0.2665990920931599,0.5292771935792902,1.8931215904250562,-0.736672937159324,0.6737703211791387,0.5793387757109955,0.1178203460884322
1.2812844395936358,0.740425862021172,-0.6408480312190744,0.8389022200255961,-0.8563088583938421,1.079513317060331,0.6799672902130786,-0.26584073708046807,-0.2990373603497551,0.5927213904102033,0.0820821248532959
-0.7668390441790676,-0.37199610655416354,-0.23258803096069267,0.9112714135677161,0.04332704673167917,0.5554769412577065,-1.052196323235155,-0.46406729121440754,0.0748059305437678,-0.7532370537366964,0.5841304001246013
-1.5148167441840787,-0.34111808296630064,0.3622378788182304,0.22891101864057176,0.7004979661455325,0.7738215556176735,1.0625048447958938,-0.6085226721783789,-0.5004573622915057,-0.7961893362795105,0.0562191709901648
0.0753956292369427,0.3629988120967055,0.7334213136965683,0.23425734938263,-0.32544177533597013,1.1240450701335936,-1.003939014286612,-0.174245824487258,-2.009096735071898,-0.11706688426795708,-0.0587065379832383
-0.5380579618018546,-0.47228051071780486,-0.330703849671527,-0.9084622886463599,-0.4543070155523289,0.5348502120636704,1.356229809099019,0.18231392439254226,0.41936732923950154,-0.24300908651572498,-0.1383260612926153
-0.773285992174422,-1.5361217783003427,0.5363463362951243,0.6438401202257628,1.0951166915237676,-1.684770175762159,-0.18183412663256843,-0.26400679836919744,-1.9908244614150048,0.6993100832605178,0.6468693690905581
-0.10751060523572115,-1.4565102311601879,0.40207001907784806,-0.3680236064626324,-0.5020206860575309,1.38288764203757,1.3018769811323385,-0.316255074128458,0.3098291074891061,-0.6573431710150219,-0.0197520868120686
1.4467106948246926,0.07158838848387224,0.9166764186768942,0.6855719047293681,-0.7854197558131231,-1.6632814416708919,0.7660262723885598,-0.45881840308893845,-1.5322537941675447,-0.4762524044124242,0.1645373041277578
-2.7274986877414276,0.06050219741940133,-0.17692206872185132,-2.0309622237318736,1.0263239514691966,-0.653462942283892,0.42564075221293673,0.5951232116204694,-0.7456377350345748,-0.6237412540714838,-0.1754212520404563
-0.26574432421160804,-0.9309004536859921,0.9755160042122885,-0.11526859255416681,-0.6281496380356164,0.24009090746647907,-1.012564606691005,-0.6863874004347011,0.497051967991026,-0.5623534229835689,0.065962188539714
2.207664977195173,-0.07889577621057259,-0.9796926653576352,-0.4993030188666278,-0.9628925049035731,1.1013116172748816,-0.6453170520471146,1.7099717562695336,0.03080641700548861,0.14087475620694484,-0.1968425798757709
-0.6733294897005574,0.962087160348588,-0.12099183854791841,-1.9156365323150517,-1.2271836212219531,-0.11906789128609965,-1.5964096113423465,3.270246532214086,-0.9639067148252395,-0.002621162053715043,-0.0950063229091731
1.6396608556368915,0.2130787756641225,0.2384581886984638,1.5901256900592946,-0.0678679169689571,1.346121614041513,-0.5612123156515361,-0.6996368598729716,0.19388264087375576,0.6047041178883465,0.2805787766976023
-0.8104054255946423,-0.3280768416752498,0.2308028193084046,0.5621847829475684,0.37035312475279153,1.6034504809810528,1.2798156170613246,-0.1354317010170597,0.40784122618449,-0.3201357264826432,0.0638519157735683
-0.17593519233686042,-0.58508220242361,0.35296555753817516,2.108023330811108,-0.7905424662934091,-1.3504926345810189,0.23065205277196552,0.2825872698437322,-0.9324684902046271,-0.14665645304736002,0.759954076041199
-1.287122658620409,0.3876888315759315,0.7959811161220343,-0.9607528124030489,-1.1198400753280626,-0.2692395063809072,0.49492526462085873,-0.2811570565988348,0.7813744819662625,-0.41505036805978024,-0.1501884819961667
-0.12206242772816563,1.1189498491801113,0.36086414333843314,-1.313647400468593,-0.0323367262681137,-0.05409695756783836,0.446833608792292,0.8767918804224857,-0.5088211811455071,0.8768931719384301,-0.2093472805511805
1.903136578062553,1.1728913699943848,-0.05427097440232798,1.5059750841423634,-0.4735752196566023,0.6999883516430094,-0.07751847178909668,0.39380880434369375,-0.2568398554471157,0.26164247116663336,0.3923043529283589
-2.3590024010544695,0.026563920653914427,-0.6240297801547932,-0.06131733040764463,1.6387433589907279,0.2100741369352883,0.391508258956742,0.12191681964428777,-1.5667454953456121,0.2097402207037845,-0.0661559267035885
-1.2977431452872596,-0.5741345550641747,0.8407380756028248,-0.12959642274330016,0.12816277393248754,-1.0321213808080711,1.2077103404865643,-0.8598962842827116,-0.5761229363015522,-0.032089033755743755,0.0832859180777463
-0.12232350472256302,0.5650845391366198,-0.46892588509295213,1.989203131971616,0.5886745147424319,-0.5445513769174857,0.3708339270350844,-0.9678304115004835,-1.2980201759015237,-0.28271687985451055,0.4748190161643806
-1.586233166271447,-1.977588448822178,0.7460972892137466,-0.12765813013120164,-0.3336195152173639,-1.3643798341534368,-1.043479209977442,0.14848572321664202,0.4339559275877762,-0.4638464382234805,0.2272222637057851
-0.7488362786403683,0.040145314032829095,-0.35461854087704714,-1.1794638660600365,1.2091945171665666,0.2985058612790965,0.5173395478073564,-0.2930875157084944,0.16853134749349313,-0.6068585791407477,-0.2309234440882933
-0.042523507048471076,0.735219034876815,-0.9460840826153386,2.4790765226977984,0.16600534238355147,0.01129320736621474,-0.2870270445311656,-0.3068806671083156,-0.26643694022750175,-0.24314580741037628,1.004412666912162
1.7025767971388441,-0.34274804629997635,-0.3794581691312115,-0.617373832537225,-0.5767708762592519,-1.1130296313130756,0.8360026278421535,0.661619740497353,1.4091473352241561,-0.8766908049370238,-0.0814709025560915
0.8438395217622973,0.8392500714651773,0.6382264064781272,-1.9917271347218324,0.6143351234745915,0.5582914712788288,-0.7937808734703289,-0.6737626264706152,0.7945942072022482,-0.643969194871639,-0.2298985558560908
0.018546329078680368,0.6405859418890064,0.26364221024045165,0.5193788801232734,-0.7114894775539466,1.519980644337493,-0.4273138528095411,-0.2862814186743789,-2.0352033187870204,0.369524814520831,-0.1064966006834598
-0.6167880390794885,0.2515112509583249,-0.6371785584105059,-0.6948213569102324,-0.30656093664996403,-1.0950969665608417,1.015508422309887,0.3054336618369533,-0.10363280645623967,0.39821443248649857,-0.1151659289191118
-0.3411330786777152,0.352759998666459,-0.818917458793468,-0.19348030333312022,-1.1575591947997022,-0.7448974971561262,-0.5316271626922161,-0.511100223293437,1.019915415901942,-0.697401709692279,-0.0523571515638642
-0.479620038312095,0.8850689230578579,0.3159201818647232,2.4611935966407796,-0.17976895963655196,-0.8257986645514448,1.5658899383762959,0.567902801033795,-0.33507464750643784,-0.5271653470892326,0.7828137979694512
0.973048625130207,0.32996792535996067,0.1805892430693334,-1.2822611865231897,-0.49244519080047533,-0.6414687057218946,0.09069411168993022,-0.16597019511709268,0.7193718894737363,-0.8521606486477987,0.0180907779417736
-0.5475881207431825,-1.4321018530310063,-0.1593358613068352,-1.1772616541656875,-0.10238626749080418,-1.2325665380999717,-0.23910120732393025,-0.15125564384906093,-1.0897562293698047,0.8315095547696792,-0.0744653321181965
-0.310410982957248,-0.6607080407629983,0.6100234741827438,-0.9665780915367147,0.3022606037669378,0.7195035595363233,1.5911634703971194,-0.7238589565879452,-0.2706457251908798,0.774728547766113,0.3693823867971718
0.9489244736863917,0.5795103380750197,0.72822665862618,0.9561046546336054,0.3892709586172307,-0.31574658277243467,-0.0849586412713917,0.48150343505870363,-0.8847403920689213,-0.7326301286074308,0.1602882755546069
-1.0135530634335972,-1.3704663966550854,-0.15290135883687558,0.6012087698578923,-0.7968595683318784,1.0825119777241108,1.5987729915827762,0.8737619664349026,0.24402075419427205,-0.9239530017684104,0.3442184311192875
0.09378676555497885,0.841785995732478,-0.4968377076337533,-0.6047021998430255,-1.2821377406564196,-0.29351987067341234,1.183854814676338,-0.6706987438671922,0.7184685952059968,0.7237772726255255,0.2366128220467143
-2.0765088224000436,-0.6669285877167809,-0.5659869940618187,-1.155238486960215,-0.8469667208341927,-1.6715125282206484,-0.13595651349764104,-0.2154216173398943,0.9737941327926045,0.17560854729011335,0.0955460199433692
-1.705197902264962,0.8428366029964542,0.6771858541056741,1.2378445931350062,-0.3781322167316418,-0.9416508290505744,1.8381455546626178,-0.6724056930299318,1.3310417521232467,-0.42403275886968866,0.5615647177899346
-1.0092331708897717,-0.8326387424367835,0.722327064380328,-0.3332906334495183,0.679192487497529,1.4696251167421053,2.429567354532199,-0.8524672639124289,-0.4254822894782242,0.10802102295518716,0.0507823912831056
0.483243226545887,0.2790253196963799,-0.1506413570690391,0.8078038078557324,-0.6642343748379865,1.2683896071845768,0.9255463367489484,2.397519363750596,0.924712209307579,-0.785802166389344,0.0136246470308659
0.3752391962503923,0.7363423532258574,0.3459131535527458,-1.4907956928220405,-1.0243234064581328,-0.3735235046935438,-0.549003458397535,-0.8325553606417279,-0.430267860032379,-0.6664120395952184,-0.1151041200644042
0.8706222935634416,-2.2961734528225497,0.7247606440257758,-0.42208746400129427,-0.8357031387931739,-1.6029370218377452,-0.5391641484152313,0.0601179243188863,-2.054494960881754,-0.07418584593036621,0.3211665375678756
-0.50441161458669,-0.9993811042681577,0.7225387862084874,-1.8226107964258786,0.6213015123299706,1.0135004877077942,-1.4457103529405084,-0.41922502026242475,-0.8633857297272941,-0.12626411740055143,-0.2319246690731083
-0.37865093613124645,0.17782813810928957,-0.7845559053112295,2.040030028783898,-0.5525046141573593,1.0378155393111004,-0.07039584314749169,-0.2808140028300537,-1.2531752999988688,0.5149199786412788,0.8679278533291279
-0.23652418543192785,0.23648734719835685,-0.9700751210205307,-2.1680576480890976,0.2650197788089148,0.1345505424113462,1.2807363425151588,-0.7251521114205189,-0.11491149132290057,-0.9405774554796562,-0.2069692921218913
-1.1686284650278065,0.14684292488528825,-0.8339735389151376,0.9381087527916742,1.2939256116111844,-1.5738387504209994,-0.42574026473967735,-0.7689276867301416,0.3954045066252034,-0.04121245892213738,0.6111399944839173
-1.839252949870591,1.4977781661260035,0.2231007943186529,-1.2841731339245035,-0.10872243725936744,-0.8691728107706886,0.11177954402885731,0.23905250452552998,-1.6111294523865518,-0.3802904272187153,-0.1541121549215958
-0.6994622184968633,-2.146363344913683,0.9005666941921672,-0.19107874229205588,0.562650975799895,0.5326176555011929,-0.4462395347928819,-0.842526241801002,1.4959701669551688,0.6540655830995684,0.0709026883795818
-0.24958048440237787,0.5229574234065246,-0.24511096873732138,0.8510574351877358,-0.7094561192780786,-1.1366298122152212,0.0398473687442681,-0.9346645804781186,-1.3922032188097582,0.7014134020277402,0.2035631546447223
0.7828095258336206,1.0492698934078228,-0.42265679045477106,0.5016550986841032,0.02772626870811328,0.9476310099795129,1.2496777235849188,2.5745945664854344,0.4408895144785557,0.5773210536568002,0.2155120503285305
-1.5071635220168291,0.37679308830654534,-0.45698877781266645,-1.0650650051023138,1.5744211076181198,-0.7688883467026107,-1.1101061507570773,1.2345828987469916,1.0572490147768905,0.8548556846293065,-0.2074846969842365
0.8130160817289344,-1.6364643421816416,-0.059772153346444666,-1.2862255315759445,0.2415009012939626,-1.3279992184609044,-1.513233370857661,-0.10433178539654162,-0.6169634511245583,0.8557101361013045,-0.0605756104621478
1.0223461482405274,-0.9947043798419357,-0.5834357850756909,-0.07947993867030904,-0.8041507059334904,1.5672281584273065,0.8435167053128764,0.33267703435502183,0.3884497394858405,-0.05298305714164505,0.0429504655376794
-0.2760081842760284,-1.265068808553435,-0.6463741134214891,-1.4788430642436348,1.6854462949061924,-1.3327829677244507,0.028629657031941154,-0.5389847737059594,0.11115044985227802,-0.8242824413133769,0.2511510833092757
0.906189504677048,-0.9062117586117625,0.31790746932527303,1.0611769184402284,-0.9343155106521492,-0.6612885108373173,0.9610535654449704,0.06878888875045489,-0.9411315447263979,-0.8159965740810304,0.3099709522566609
1.3967007768837727,-1.62927447980432,-0.00484442581666889,-0.3314911275579192,0.5177335338407472,0.46535195733356854,1.0564375081818649,-0.6801837574195656,0.5243749715844813,0.3383318699383496,0.173402971178577
0.41487452377986916,0.656327784917022,-0.7367349654866048,-1.4435186695923323,-0.6567451862134703,0.16301117674220375,0.6274449082393759,-0.3499705940405258,1.5987119659837892,-0.1614881396967964,-0.2349035040462984
-1.2803733116310079,1.1149611728639917,-0.30666548639884067,-0.45677563190764586,-0.10390174165699921,-0.48372231554724315,-0.45874443538803245,0.16123036150557335,0.24821450769156014,0.8173828618662948,-0.1817489361499986
-1.036392369571884,0.31692890769393156,-0.22492544376567294,1.085170834176627,-0.9260857073524195,1.115467100891433,-0.6639817458213568,0.17607363326806685,-0.6412387938364069,0.8283084481576297,0.3868968563532522
0.7145978594713069,-2.187434103311347,-0.7261706401823904,0.6236400171602329,-0.57096174751453,-0.4946395589343197,-0.4654844775872383,-0.48802307234524006,-0.34927954398792327,0.12475700191442404,0.3379688828629869
-0.11788791647758465,-0.47036671760693166,0.35351766636558807,-0.28242491564808886,-1.0012987766737802,1.604339899620812,0.7919376591360612,-0.6853886169786678,0.9272521157964584,0.43835969286117354,-0.2133173764031976
0.5153532773523274,-0.3608563261403575,0.7034596429132245,0.6095411646099859,-1.4835281192349223,-0.8617394504673549,2.1674553068460094,0.11001840821798908,0.35829909391091896,-0.6316314514514548,0.1925701784117387
-0.4725856325190103,1.2079016490627736,0.4612381555799677,-1.5202939065341148,0.7974709656865715,0.8371435664019167,-0.007363682752052658,-0.9360336052465721,-1.377846584262362,-0.619764382479174,0.0580147728760728
-0.7699873691920995,-1.276092995377355,0.4571993042331726,-0.6315239335848114,-1.1186913610073863,1.0716453678219866,1.1918657923394382,0.4166029569099401,-0.9875198626319461,0.0017587542917063322,-0.0229629156152827
-0.7552066092097326,-0.5587285024177276,0.26826488109365343,0.6803082722371899,-0.83056299714421,0.8409383773908368,0.5965636651235626,0.42464865276630825,-0.2513751008315547,0.33782808499773637,0.9703593885522962
-1.4157420000422294,1.6404872481930262,0.431368072588371,-1.0038252787086788,-0.5218465879558184,0.17413917485098568,0.5186508508741954,1.5383009866889659,0.6677704504225142,-0.5783162738104347,-0.2965108919774982
0.7990396340080099,-1.1909995838374756,-0.45866281655411606,-0.019446609189593414,2.958752110689575,1.336476078133091,0.4557497552549583,0.6912853245391347,-1.4381097711910795,-0.7528465667258408,0.1578812362514518
0.7343260880847097,0.1609462285127114,0.6153432224205982,1.4274831701034758,0.04280744489217997,0.16412940921743382,-1.819535166571495,2.105387171516235,-0.8355175713463253,-0.5446904198233898,0.365401526870346
-1.057646085518,0.7573195910676718,-0.2782690712885603,1.5227039476320197,1.4566143110414853,1.5013212460459249,1.2876887572167737,2.092598357489957,-0.2671539310102076,0.00997760289634421,0.4060431683993614
0.4310175636516868,0.45185853129344195,-0.2059424774728227,-0.20053906120730666,-0.18126747186090278,-1.6961818224591338,-1.3475792301783998,-0.18509626802818424,0.4425541328144003,0.15194475496592144,0.0541913860502884
-1.1180364203773916,0.13432399278122728,0.5238309126621333,0.8027973970106631,-1.3007490391286611,-1.5807660657310998,-1.6121557438811414,-0.693029832578902,1.7491003871063195,-0.13475143954780924,0.2269866829855824
-0.8433345344423259,-0.33474558081754224,0.03326721908226593,0.0312934517571167,0.2582491775784123,0.4974007071818869,0.30618758034567856,-0.6808670349017725,1.9768545215079252,0.4067030660118371,0.0777272845254052
0.2790129457264141,0.079446567491858,0.3662746162308011,-0.1882839258682616,-0.7002551279457453,-0.841772065383287,-1.0739963235085714,0.23699219804415678,1.515073620397295,-0.6501740631708174,0.1652403759819932
-0.3602344392130219,-0.6983970364754684,0.7661022468581645,0.03849520734527725,-0.5120701812488065,0.2260957433156487,0.8274642119479982,-0.3307091325349764,0.2226206825071009,0.5983675280868752,0.1456370300653934
-0.857271299735841,1.2529650636115495,0.5786013904719312,-1.3739024961706994,2.3079498473175106,-1.4923833576261532,-1.1911216441703634,-0.39919640364807213,0.1821628554141237,0.686555914972569,0.2037496097288063
1.1497540688532046,-3.2265290821254142,-0.9137196108238328,-0.5439069628950631,1.394466300033343,-1.202515071225639,0.1858786180720936,-0.6474135827707944,-0.07870467499260841,0.1574771648980303,0.1432778787054582
-0.177283599978005,0.17666822692707207,-0.30497984185293164,-0.37218657925313564,0.3073701179911816,0.5907652025444864,-0.6181309424243598,-0.8553473150347121,0.3349909854352567,-0.8817377480250206,-0.0658670934115471
-0.11972556341378557,-1.456570318749785,-0.659231271758131,-0.05250566014596509,0.044063989264482725,-0.30082323478902684,-1.050331585291955,2.5126570516392976,1.0671842412360377,-0.38270341553177395,0.055830338876841
0.9349036624152957,-1.3789792584296583,-0.5781404719001003,0.914926062850853,-0.40489644934499036,-0.3640276757819406,0.35625104494536247,-0.9108123502791043,0.4717249121000043,-0.6048969997770316,0.3203309697764579
0.1443119433480466,0.674554536025962,-0.4785645320891336,-1.3875016933585596,0.06306495575352596,0.9158786909513548,-0.09225171397657708,1.4188302900538903,-1.485238163793347,0.35468094322244953,-0.21585802303438
0.49801452628329684,0.4887322072236188,-0.8801641701413931,-0.28025141827672445,0.10258109384653767,-1.2415774725748137,-0.8908436044581174,-0.09502637019665262,1.9898779105761422,-0.07490783736674242,-0.0026907490392372
1.9554599095171097,-1.1280516962671465,0.5830765609455374,-0.5680553127410771,-1.0290336403838227,0.588721678864969,0.618329226360504,1.0918686022028503,-1.9461123091680737,0.8887248031208298,0.0906602762938951
1.8594300881065977,0.14675402861956666,0.7510878796467304,1.4931162962439273,1.2129700037773883,-0.9905125358592617,1.2643799616589733,-0.4531124724062747,-0.25003738412774884,-0.42771982234548195,0.474952745690419
0.9881933308460964,-2.467132018285164,-0.011423588524083433,0.10950874646568566,-1.2395969351007958,-1.2855135966580118,0.0452048792905286,-0.5576882498729412,-0.5021870385452648,0.20806067767236644,0.2207724097672067
-1.7226818186359911,-0.7196885875629959,0.7070019941281112,0.8141462856472674,0.22359196784020438,1.4078275986588906,-0.23679700137217757,-0.3699156971699999,0.890319772824825,0.47099057956194323,0.1592647052182188
0.708296966766292,-1.3605678730692627,0.0024192465083100797,-0.4725597675524138,-0.8133016335352791,0.5623562782384548,-1.1061333099348565,0.20007131176793988,0.835438751178842,-0.6301712925718308,0.0581814880157114
1.1740542924788406,-1.1996417259548409,-0.5655898699175977,0.5777836533805594,1.0093963015970284,1.519231577694463,-1.0094298520246936,0.0689469386459243,0.4634787445600464,-0.5160852633991149,0.1785145425056171
-1.4963409439850333,-0.15671828412370217,0.2577794669175656,-1.0626374784977612,0.7428977932704235,-0.8658411230842861,0.46562966491368796,1.365931691399811,-0.3470491659069625,-0.8981337134852438,0.0209400267170132
-0.9140950012078174,1.6568201596275995,0.047421575587418115,-0.9256031304734836,-0.7221523932818895,0.29101960681335093,-0.03800900827156609,-0.5093781775268341,-0.6230803071368255,0.5462428393717496,-0.2914941322174438
-1.2170052282702428,-0.8646978479122744,0.3471855717304985,-0.8948585365979675,-0.8054371371555858,0.31630394405388906,1.2170931595067478,-0.7916183235222937,-0.6328424615383221,-0.7920540626792077,-0.0570132767092925
-1.1860736523805406,1.8217555246540018,0.4603262982575281,-1.3025653667456472,0.4597224191758453,1.3495185972199317,-0.6641677046034262,0.37403558367665984,0.6179425001264915,0.9765485708030147,-0.1255171971029124
-1.1466059946442397,-0.910496554687261,-0.1808753055662249,0.5478419366610219,-0.48469476564995756,0.9678266501519541,1.1389972223274898,-0.5894513237820896,-1.5632527905535674,0.9522840947625473,0.2123809483582878
2.3443523986126866,1.4150574138020993,0.054499867490175345,1.3526175953744002,0.44532322854189266,-0.22945980218764894,-0.8067065716518711,-0.9791502646334027,-0.05057959389021051,-0.6414254651414508,0.414024412833499
-0.9908175891661325,-0.5306696881996869,0.4710209100580513,0.2657657537315066,-0.3504073409789698,1.4211732897027105,-0.12415785834989385,-0.46356015307360754,0.9756224400098,-0.3262326288037299,-0.0849286180505804
-0.3617667100054998,-0.4064826409867925,-0.6684512610016108,-0.19832507914419284,0.2664190000360425,-1.1242002263149433,0.5851667283386981,0.9596796301223016,-2.0011818784501703,0.8764113962238267,0.0346464392564693
0.17365091192568832,0.13994831843650418,-0.7822933505712651,-0.23948784546751412,-0.6776294175646531,1.4385751986053,-0.31752414658638467,-0.06935513804363287,0.4189822834753159,0.3296329552607686,0.0606652801966213
0.2825727832126323,1.1419678565759048,-0.3242456443339502,-0.799894723829068,-0.26320743412472497,0.49676924016456797,-0.09362267613372297,-0.7684531369807964,1.9278293630889962,-0.44927592010704376,-0.238520802242466
1.0902780790777309,0.3881074281923822,0.4871946924559607,-1.6853287574062668,-0.25095027049786395,0.8593469299799616,-0.6350906131848666,-0.690189557788777,-1.0029234974884669,0.5197580034153286,0.1270648472640413
-1.5860333259219397,0.11958992700260135,0.08466296331582612,-0.33215098270021937,-0.5851466412209269,1.3556802343846304,-0.673561156221361,-0.6231709543702522,-0.4458839700027072,0.46857131510914307,-0.1994671506840938
0.3051092945473299,1.048385157051092,0.1451670565645042,-0.16370854601442097,-0.16709307056672623,0.8723667585917179,-0.6460633998051973,-0.6993628315012145,-0.46631873126872153,0.2467402575488522,-0.2158473992511476
-0.2410846158519,-0.12038651941757451,0.53524737069899,0.7091738288213412,-0.37411883044584365,0.24929191705104567,-0.8255114433844752,-0.14525895752324514,-2.1182692385539785,-0.20146229962646897,0.2257417891967395
-1.7754966927432956,1.3807125719129,0.5773960004750893,0.4070107962345555,-0.11016584873872155,0.5628096958198566,-0.4913911536375299,-0.3478200362248405,-0.47594501951647916,-0.1814027186129388,0.3256462685281953
-1.1996189966092397,-0.5324284623719087,-0.15362149682508444,-1.9150093860272939,0.23253575655906172,1.2977766787378855,1.1294312253648482,0.0008859536782537696,-0.29771309136942975,0.40767338233573563,-0.1104988903086565
-1.4033878729969913,-2.0914304286165506,-0.8511500164842172,-1.2437311697503999,0.9565074944984456,-0.7216252746981189,0.3640166972555734,0.38120477579720036,-0.4580672067161396,-0.6207206245746446,-0.052109126040839
0.9083442216720709,-1.0647767896593836,0.24959879522296102,-0.3219161506081662,1.5272698444266117,1.2395182242754899,-1.5830873741615643,-0.8797809723976175,1.9824600082968493,0.915677253141283,-0.1169162134387638
-1.3557828587101066,-0.16149809376986696,-0.5413880328705802,0.17346009229488138,2.398170532315791,0.6531708139323203,-0.9514284218661274,-0.2252768624857118,1.2723009736340947,-0.8096075740911243,0.1495033837391351
-2.387931318636531,-0.28364439530228674,0.8370906101672088,-0.7352668179648638,1.8193286184057331,-1.4400851932982832,-1.1104847384523266,0.121839649041098,-1.2875357793353222,-0.17723551848474575,0.0132493021565892
0.946486383713078,-1.005800570011173,-0.4015768944269014,1.2905052780854396,-0.35099719957970926,-0.718700047178152,0.6690016728866051,-0.6179944741990014,0.9335065706657042,-0.1537371848023339,0.5162264455930113
-0.6874590558471187,0.16561099039804675,0.3965611728287776,0.15561309997744077,-0.46016938353173265,-0.8378073490854051,0.7701363293696373,2.090332241345578,-0.5938008710251172,-0.14175689790153412,-0.0190044232001836
-0.7310592864137152,-1.2506006576891482,-0.8389300085874272,-1.9529327276071526,0.7925037562466495,1.0285644958199702,1.2029404359401412,0.7488845645647045,-1.0543840245696494,0.47964832072211694,-0.2074073465387338
-2.2320723922675265,3.131420640256072,-0.4983629902969779,-0.6030601130923818,-0.32412488841630605,0.1814835495287683,1.3062221354186658,-0.19799243821471307,-1.4763924916366589,-0.1302582822498234,-0.3785893208896054
0.034046624571463444,-0.7833038672496957,-0.6448542989289472,-1.0621049730353507,-0.5930007587514468,0.21679875512010144,0.548985687286793,1.0572976791719675,-1.7349936822736762,-0.27371005116346775,-0.1562922429313389
-0.20470827134591654,-0.5802457979721332,-0.567866928119588,-0.6082243758267541,-0.5768896497268724,-1.3053965854020968,-0.37685590866665303,1.019631350579739,0.8783360607257541,0.6741317121410001,0.2005392758604929
0.44794932312368735,0.4547987198829823,-0.9107891636857192,0.5097631649980462,0.6035890753622285,-1.4016204107643373,-1.3037043282839889,0.8180191289823218,1.1319470667033187,0.918715782331553,0.1128669902718221
0.5942859510299346,0.8665155482676039,0.2424482804084676,-0.8238996867632238,0.6447354700498837,0.6419927055029754,0.9391697946746291,-0.9751561383005051,-0.7755774069717931,0.3983240668177426,0.0543211920949835
0.19975089368469606,1.269067265758008,0.7105079506833308,0.07805521363893417,-0.9914678783390377,-0.06717265684479137,-1.450768743491872,-0.4275571408872966,1.4050928817053356,-0.9185013904565557,-0.0235292105484049
-1.7537925183446377,-0.5701227626822505,0.22067031781686247,1.3992193931714694,-1.0537488510126019,-0.2920247145494171,0.28738953143634943,1.7863491712247817,0.7909115030732602,-0.739680639449114,0.4204503374533744
1.5171538027951434,1.0120159276210874,-0.558540573986877,-0.5504174839483784,-0.05707719398950968,1.4536423486404322,0.9515704647068434,-0.44991265245450224,0.9565349942602344,-0.714156912824784,-0.3298187241012237
2.200415435247816,0.4231165329909983,-0.2023978544692021,-0.16211586288628943,1.4138451002801833,0.9241764919165781,1.6673812304020599,-0.24906149776857311,0.40514437738845016,-0.4280429977732337,-0.0136021199052046
-0.22484100364078458,-0.48551936054502304,0.5531537048168101,-0.591262468129932,-1.1894918475804779,0.7598421758282944,-0.6925544522970021,0.07874766780745124,0.04458237918705011,-0.7606273213020888,0.0143964484075937
-0.6844884521000387,0.45705857537555167,-0.48690032859177784,-1.113998956760486,-0.437713696408891,-1.0436921871672935,1.1359948034796052,2.293637859984627,-0.031164145565888937,0.2701539464697972,-0.0683692208529576
-0.0890979933695418,-0.17381885398579577,0.9330710592803406,-0.9630346659640688,-0.08865703744398601,1.4152269012888006,-1.6947431473229342,-0.2061602483132506,0.6242879417337902,-0.12302924425012024,-0.2554588623945465
0.5237522452417803,-0.6269415169644285,0.9646961325125127,0.20524833794387284,-0.7821122741127099,-0.242168644323733,-0.07463621005211864,-0.2788112098488158,-1.2304177086128925,-0.4297502101816896,0.0962006704901852
-0.48726396820726015,0.03837359900761848,-0.7194725682427647,-1.0233112554841246,-0.6053670158374919,1.0227301639927338,2.26203448424646,-0.49171579898749446,0.5861669783895583,-0.041198484066452566,-0.2334808955758479
-0.39787736227679976,2.365322367340878,0.7597695997164948,0.4583422113018847,-0.8905421705939754,0.05662842898589977,-0.1721295218692668,-0.4410671547971628,-1.1588959037980024,0.6119985532335188,-0.1181783325050942
1.6784255925720697,-0.09664040704657163,0.8456335641472079,-0.566423923142682,1.2083844954169125,-1.5741882055727925,-0.742071841692711,-0.4957065588931451,0.4770413219970951,0.346093709589942,-0.0897554092470949
-1.8690902088183885,-0.007815930595154104,-0.5307619693054881,-0.2694721165606108,0.8550049911107661,0.03773658915424106,-0.4336118828021785,-0.23959509877062193,-2.1757565959571603,0.6033278491888419,0.0217255890536502
-2.3110805726463157,1.429482610779176,-0.9849098578315342,-1.210082081095691,-0.16713518041843045,-0.21834837997040432,0.4743943000029004,0.9256704347578645,-1.6145791886029996,-0.893251193391576,-0.2687705033358592
-0.6352881826730159,-0.30325827722017645,-0.07544153820246152,-0.41864476045426235,2.734047260474492,0.39016870430477235,0.783844341710064,-0.764879228270086,-0.3317926206103791,0.679691333576503,-0.1191282130613939
2.1590024437853157,-0.33963759661104764,0.24613869927397236,0.9841125045753539,-1.2996321806942013,-0.9922974659610718,-0.0722126120695892,0.4049454662343218,-1.1227583829222276,-0.06358790768284425,0.2385521405456421
-1.6181759509465152,-0.5527430866342345,0.5144225270068512,1.9702799496270542,-0.09557325067413752,0.9709013083549404,-0.7531399500233036,1.7968467772077672,-0.11568209418273648,0.19210216873113958,0.7066885057309222
-0.925844176474978,0.5770949247778376,0.5226305292701783,-0.9304569632051054,1.2143614430289327,1.0557407112787796,0.21838437021369672,0.37305647505156114,-0.7291127264381616,-0.3625367423185775,-0.1422775466931188
2.4467745586226384,1.9431759849039787,-0.8595202700189817,1.470044659580144,1.806622995374284,-0.5825332609016929,0.2379136466297388,-0.4618368321786292,-1.698077125673619,0.3823845409431327,0.244762666907962
-1.843469260371639,1.4457639464639758,0.7276453724970599,-0.3273547977924436,-0.1807836065031613,-0.35479059552804315,0.8381596528113296,-0.13083950608897893,-1.6465177850965294,0.8832168343867686,-0.2076198797311201
0.6422934640546542,0.6268861554851825,0.7920973146483223,-0.9428907033809851,-0.9866453659189236,-1.6069264860561148,-1.6278483136152075,0.05241442066508542,1.8158123187775292,-0.8295331240179263,-0.2235765887072524
-0.466598131181782,0.39704815817471795,-0.41836443449580407,1.4226976544543555,-0.37073443251049226,0.37723998523106783,0.8126181457613856,2.096558863561788,-1.9055147277632285,-0.23394142172504998,0.4906651429869206
-0.07857568613740663,1.51201847181452,-0.9249371748092468,-0.47667394134087665,1.2101542495617787,-1.3175767619099978,0.21213438933000922,0.09209292855389363,1.0526856950352639,-0.8884085940099057,-0.1617203093325042
-1.1493334508283757,1.7081103518208618,-0.06679655572699669,-0.13603708857547847,-0.036798296352256676,0.1396058520941921,0.5413892407324447,-0.34628576047398146,-0.5014635297192509,0.8299322058585376,-0.0972929950767503
0.7086574215131031,0.2071197467653304,-0.47572318179467427,-0.6390335660279675,-0.987980077970757,-0.6424870380629387,-2.7343510566039124,-0.20289337033127408,0.010607643405571106,0.014713966120447529,-0.1368421495819559
-2.107053373723458,1.0040846096402594,0.09453831870058459,0.13557085161577864,0.4372405048357785,-0.5449267815201279,1.0091621814926428,-0.9673595727949014,-2.1702422477753793,0.7884449819955053,-0.0021139053135839
1.6039895225865113,-0.22878025721486941,-0.42740810821027797,0.9844460736995333,0.3120292022970158,-0.4542742373889138,-0.39553045832894507,-0.3110719002788928,0.25586078904630105,-0.9482145489607501,0.3577549657231566
0.9568858018861113,0.2808833174719107,0.13854633127644683,-0.45403719653888497,1.582272463060566,-0.6307605491582071,0.08406616304569572,-0.7820966942767652,-2.0275312533866487,0.5631979855416943,-0.1409070490015732
-0.5201928014736493,-0.9012949345508805,0.28885803607461114,0.7274166703330389,-1.221956158993072,-1.0572666788964225,-0.24499644895630823,-0.873137294652532,-0.9139800759172921,0.14255068522211062,0.2928292586115911
1.3521346113800425,-2.3066245355050325,0.45164262724619386,-1.1721606937739852,1.4054913928430866,-0.06443138339507745,0.7477197749171706,-0.19957769890429705,-0.9105343825533181,-0.4415731361218183,-0.0193068716835495
0.16042254478047255,1.0128348147535888,0.09043190756605436,-1.2724540543936975,-0.7475176431762971,-1.0655266617590968,-0.3999381047741489,-0.6841636093090451,0.709575049241804,0.806554324672936,-0.1417012085385771
1.4429927102546753,-0.6842978068095871,-0.026764803521447278,-0.9068357203883923,-0.873104941248906,0.4598306209901196,0.40732862404120374,1.1219939860896653,0.7032531930729858,0.23299928494691433,0.0136910517765493
0.6240018349923638,1.5105699369088774,0.6711742175882998,-0.4665697589717602,-0.269372154902389,-1.6571107514804482,0.6005581043379272,-0.7460892395145179,-0.2476925986657001,0.6102036457598474,-0.0694813549017158
-0.22402168215806553,-1.371008639905683,-0.7209861998591124,0.2715131984802096,-0.4037416766961304,-1.5359446254428604,1.3208073018635302,3.1067237856134278,0.8420131871093711,-0.7971601957680192,0.4022457745380648
-0.4057068058715569,0.8794679301858639,-0.7840572020470675,-1.2092248794438634,0.08538149470832948,-0.9389440828145895,-0.7758953355667724,-0.8066036653194193,-0.7290447289233994,-0.5748884289056666,-0.1094735214025677
-1.7278202002243401,-0.3170232858594443,0.49857043064139334,-0.17400257371293074,-1.0450110616925707,0.3694409421028651,1.0997415344786934,1.3430777795442836,-0.3625700804442158,-0.2410051658999745,-0.0668539734363867
-0.15640013473573008,0.10783679068504401,-0.6001200680588482,-0.02280562094294042,1.4502320482817026,0.1297865491504179,1.800652100510967,-0.8100044782074016,1.2291154536757674,0.1917986914870458,0.1527639793458636
2.0889880966435794,1.1252855379610303,0.2718986626642367,-0.5565555659805466,-1.0163120125231626,-1.4912965775123381,0.9013862770841838,1.3703198936843262,-1.8956102542245898,0.0388250033638789,-0.1627859754911865
0.3440495045028891,0.9762891784240465,-0.6868417780377126,0.7202862894995639,0.2860206661650339,-0.4348446761358289,-0.5606980759867889,-0.6999434571890928,-0.29053863294059407,-0.30747468090165997,0.1091267740320887
0.681025448488443,-0.3210820880982701,-0.8855386472826475,0.42848467710954236,-1.1001843116579786,0.654018770572133,-0.7529885259260921,-0.15441656744617668,1.0857458179575308,0.5291274887981485,0.1208686800999543
-1.3641806382846071,0.597605623186485,0.7486450310669549,-0.33760517975111654,-0.6061459115251083,0.5029402902368961,0.9753446795385972,0.15802449910816835,2.0135110623602936,0.35666945860126886,-0.1362206314056371
0.4728980884298681,0.551349337154519,-0.8058197717195144,-1.3834446006299366,0.7630574540493797,0.3624261920710878,1.7953165174679688,-0.9431679938274299,0.6886684410219706,0.9152067535197518,-0.2853205541219153
0.5814450324743279,-0.7732876043523111,-0.31001498564187174,-1.0224806896561167,2.9333500802820853,1.6265252748226584,-0.21232440553037035,-0.0024190666716479734,-0.39014465634753137,-0.9572588924905481,-0.0780678376769787
-0.13635489989961191,-1.7006245075064639,0.8264246091904791,0.11442517157621236,0.39517454875614894,-0.6585226977225788,0.12252978320571384,-0.44487260544443363,-0.4639979078936751,-0.6043497176132612,0.1792609012826948
0.44848126602826144,-1.0285536198269565,0.3373284916528532,0.0656034234384904,-0.896030340215014,0.09036978596167126,-0.6992803716047868,-0.32928406875712085,0.2872260606270439,-0.005655553770939961,0.5158570515703863
0.150175906590755,1.5927039807623993,0.8098406096966244,0.2936105296260715,-0.4207241080486132,1.6427370829832428,0.03391974896109625,-0.6233131186341855,-0.5834493662859568,-0.668610334756155,-0.2031315762750745
0.9556423530177778,0.7070813314270309,-0.9322399739733347,0.28931766429019856,-0.6568658634801187,1.2510659714106278,-0.41834347764930063,0.022687293563517768,0.7339447611451909,0.8075523709886829,-0.1520087875267115
1.4925896718429477,0.3160228735097188,0.5865406902175715,-1.9058754310672499,-0.8397736873974346,0.039984865966055355,-0.12476006685352889,-0.7711130618890167,-0.5988697484938736,-0.09925454758665078,0.0237117532489986
-2.0653117506771768,-1.362281935912721,0.8096265625891063,1.8986370093896037,1.0176546643620221,1.5169534940548046,0.03780284640846242,-0.5351907437264448,0.06167806756969625,0.11054849730117014,0.8213024113468852
-1.4072235514640266,-1.5432518484236275,0.36636158266417707,0.12274100120221472,-1.3150865209382088,-0.3819075938083238,1.8976193978316465,-0.9847876904110102,1.0109649161691325,-0.2769051164638045,0.1476589309632882
0.12301049039307752,-0.8969412878728945,-0.003021757914188822,0.21785827087690582,1.4255035123809487,-1.2825496657270923,1.0133882347303917,-0.7658294169939098,-2.0995259120555927,-0.644041406261764,0.2115561376037489
-1.292097559296502,-0.10414948130757198,0.5049555324465039,-0.21187557650391356,-0.20207825868372514,0.5739952264333791,-1.8963346035253237,-0.8120821506072742,-0.4191512616852487,0.3376922082427004,-0.0807328907617303
-0.3311472307831242,0.39935564067019547,-0.38040117213643165,-1.528913386389529,-0.04124999123802988,-0.6218674685901019,0.4527645467298898,0.1425589616635144,-1.3289348895240258,0.05683272186773081,-0.1382154530347352
-0.5080586107879336,0.1647931908287479,-0.3617166722924813,-1.8144520603339938,-1.2491482330440262,1.4962285526162478,-0.5875118824099081,-0.9283584132959161,-0.9029101790876589,0.6163864741185098,-0.3745881522719673
1.0001464240952123,0.9357098187009008,-0.7392931516025776,0.3999373387149172,-0.7786402858414025,-1.693458890291787,-0.3379251078636764,0.9255369688355706,0.774354470357329,-0.2886628097425496,0.164326241527887
-0.5480846305396471,0.2938656686503086,-0.22295912541745455,-0.8639706853593853,-1.0783853993870256,-0.34224307624472405,-1.3438442573463412,-0.9770724256987816,-1.2936885432184986,0.737065406201534,-0.0262186340486816
0.237312510298371,0.5801140257706929,0.8233329441861404,-0.06614319382226237,0.8982157459825609,0.16698753928270985,-2.7224026627029487,-0.13037888262567118,0.26630578941464517,-0.9437813288457951,0.0150444758961361
0.3540019717033658,-0.6627958141496766,-0.37030446102905556,0.6201835736060296,0.9970907320487609,1.360501393417608,-0.8537319284808994,-0.5864296412212494,0.5696405616962525,-0.2789844445597115,0.0379171829966243
-0.02036029208106845,-0.3432947709586744,0.8810741095816375,-0.15282133455325494,-0.04824146554068514,-1.1908070986290653,0.18779677132077438,-0.5316054968027986,0.4535872594834331,0.84291486199608,0.516101033866385
1.2417591551242428,0.6397380826087056,0.5709159892379403,-0.48634979408173223,0.754821521121601,-0.7253070039665505,-0.578967263484187,-0.12121263516145937,-0.03774718565057056,-0.8453295335470067,0.1501067788310459
-0.46247546462179945,-0.6891972716760749,0.3386697583828107,-0.49769903686633077,-0.6637383251419092,1.0064629421563047,1.8594657338669116,-0.9022170879866332,0.8528073982853829,0.7584718438174413,-0.0603569562045683
0.38487267859746105,-0.05545134131702143,-0.9625626695344106,-0.26803432810831396,-0.44069960991245694,1.4018881146672362,0.0288159296209965,0.41894221643538804,-0.451051290898062,0.29217495066972815,-0.1515144856424251
-0.6970509032279538,1.0213958895147535,0.9681011983510325,0.4603723735041421,1.2168757222386788,0.32503477420668725,-0.2598188421116082,0.08492563853318393,-0.5537509492873656,-0.5205415519467198,0.0609351980059259
-2.448194111927199,0.19520595738468036,0.20600619006079654,2.447058962849056,-0.3905202145588481,0.013972279865571301,-0.11714700511930658,-0.7902168745352505,0.002630589053066092,-0.8903343631716458,0.6879005052523
-0.7909828484210193,-0.0594474801020681,-0.6852187658048357,-0.9776211762833097,-0.5178409520106133,0.7852697642284977,-0.1001406133310864,0.05994819071534816,-1.1098702206442816,0.7208751346824295,-0.1445461594213676
-0.39487140867827997,0.37923526702453303,-0.16354400818104545,-0.9611720060635728,-0.5620857145703796,1.3147465924306192,-0.7771598719695457,0.4009020491984088,-1.8776897612950285,0.8367151537982987,-0.2334020073611474
-0.8635923370699139,0.0023309743817431197,-0.13605731159755607,-0.7064169798925019,-0.7023504975451917,0.7362051780643087,0.5170031039305482,-0.8843685330750897,1.991802813874585,-0.5607629871385033,-0.0360757329264403
-1.053011727675329,-0.2578913292651213,0.2146335039554573,0.13372498552791048,2.3536523864498275,-1.5683311405924287,-0.2954930309108731,1.0525737566671753,-1.6432770548340203,-0.29791223218651935,0.1708148401799815
1.5438198771933416,0.03998772376543563,0.36972800329007477,0.29462670222558196,0.5772760038102014,-0.546883449860221,-0.09657095808586136,-0.8793720820749544,0.7099145808557413,-0.8688593121787305,0.0606172863902778
-1.038013820878214,0.972063489629757,-0.9000749431789479,0.5261887075135351,0.6162613993472345,0.544365651392215,0.03305125128642177,0.7280406774220283,0.5889533148446178,-0.6430771210810122,0.03563514472783
-0.4281626135256951,0.8459914655520853,0.9575561646677916,-0.5352698144422791,-0.9147760814943752,0.7814843151875742,0.1625765971954896,-0.3490384736644121,-1.3742951087686837,-0.3900894299153866,-0.115631645983199
0.13585502532586163,0.237147825088975,0.2328534114367381,-0.7853091916085008,-0.8930236726858365,0.784034440150199,0.10877597696702625,1.4028731620329233,0.5962674370747435,0.3710791782460447,0.2042203747710022
-0.6495777406438901,1.348839469226856,-0.955277482115909,2.5896409690992725,-0.4437414605152011,0.7442382904736562,0.014003798717782536,0.30629440617650056,-0.46098572313911523,-0.4301669540940138,0.5858673154097386
1.4934314122041297,-2.7384947441896226,-0.9762979056775836,-2.061746245086169,-1.2591126489292626,1.6202317833285098,0.2098412938227367,-0.9338882200791232,-0.5015906547464007,0.7890452662718171,-0.1962965682842301
0.2929483049582522,1.4847566101650922,-0.870642796139103,0.8258606333321321,-1.488545292442266,1.042109961692024,-0.11629126247174944,-0.5682775322334834,-0.1658934606849513,-0.36244151568385585,-0.0569746047799822
-1.8202726893362087,-0.38438162133550696,-0.31395957658065077,-1.2297571636133926,1.1235670216687204,1.0526548904821194,0.2989952949077955,-0.7497139473085654,0.9671095713610749,-0.7409427721237036,-0.1152553637343242
-0.023180443496865984,0.8908047831759227,0.15296842084114642,1.1331602410231296,-0.3917101535545051,0.9907986075001888,0.9386331689961482,-0.21731713558614854,-0.9111109192676329,-0.37536101273566297,0.1327881137968897
0.3358934826945743,-1.1687627439520698,-0.16335030946777498,-1.0270141779764774,-0.7821532107531259,-0.34150854716533324,-0.6891993039107462,-0.5366029418717031,-0.08264579171551685,0.1450418420019961,-0.0150707753484262
0.8107975392007947,-0.856915896434437,-0.24719558450746038,0.054714206338824574,-1.1899116741125242,-1.5206801825182668,-0.4053717402577421,-0.03898311694588464,0.3274242976620215,0.6391479105103679,0.0663086286362362
0.9296481279152762,1.2771132843160546,0.020185603094057154,0.6178433558195907,-1.376066339573383,-1.5587033813010076,-0.3650934101292218,0.017856407611386543,0.5998233819086943,-0.5142306456513983,0.0758366939543797
-0.19364223018580567,0.16504692782386837,0.5608109213266083,-1.5361841884658105,-0.7263621713655555,-1.4262099115258644,0.6605183470953674,-0.5794068911028977,-0.4758117420417904,-0.7229072642067892,-0.199345391818493
-0.6138623582213357,1.4890802497589841,-0.45049522395548053,0.23803853544626508,2.4087132539729774,-1.3325018511194857,-1.173131209117275,-0.6771963416286757,-0.47075092450612394,0.763068417535922,0.0042286992372491
0.4566138188219901,0.9134200347047482,0.6214830386754909,-0.6068328762673197,0.07282731225750651,1.1742048216811563,-0.8356724096043578,0.5897342593011005,-0.7904002837390068,-0.8327415387177279,-0.1255453410562432
2.043238041815942,-0.9869573133683077,-0.944079099456863,2.3821047771378927,-1.024641787376163,-1.570554775604247,1.4161515125020017,3.562936233942811,-0.2208040855194659,0.4165397985851583,0.7374658588027254
0.4272661962842039,-0.1262126309360938,0.4529998770858987,0.050385688403371924,0.6013136616251432,1.2044612747333565,-0.31743127463865756,-0.3436905144687957,-2.160969409322584,-0.4397622209613123,0.0582033716174842
-0.6487438812769503,-0.2774352671863486,-0.5404087122478609,-0.6166658106170385,-0.10275687635780524,-0.5264918800431294,1.200782630590621,0.5971156980641559,0.8993607294694345,0.02850113012403168,0.186194590602802
-0.3030742410768754,1.0083336675067986,0.5090293723163782,-1.6245737460859198,0.34801534975181786,0.13037333354337285,-1.5420005250236017,-0.612029201435783,0.4218306566662558,0.38281806134420404,-0.3257798222673428
0.25954749275670125,1.8965666149488074,-0.3872754429002684,1.5236376552792983,-0.8925705180746311,0.4322202959555148,0.12476618638607985,-0.30754763792079787,-1.511396041850645,0.5501414867173109,0.216895595273768
-1.0275025499025636,0.26819077477321535,-0.028441907831977295,-1.8901525045804914,-1.0556847448570135,-1.4080588990395952,-1.3456842070049189,0.3851275139484045,0.28160294577809936,-0.1559920262180393,-0.0075488751504089
1.9392962853934481,0.5961729371873451,-0.17832865657236857,0.7203178915005616,-0.950775061605119,-0.35918344524452656,1.469989820676296,-0.6812237421495453,-0.3938320480649912,0.8177544153612865,0.1321541826901639
-0.5842960840692464,-0.6187598674346552,0.01545757640096928,0.9016293898191159,-0.967629898535362,-0.5123350936912883,-0.15627271387804234,0.22446923312246178,1.5228950836738053,-0.8566676450326665,0.225617389997375
-1.1007839052601995,1.5317496707917302,-0.7010741387712949,-0.004300489529454799,-0.8049235370995873,1.6501019414025437,0.6027194057868959,0.16535996914021645,-1.174977356483652,-0.3722641472216091,-0.0619407847110685
0.4785744545581899,1.4170370916306494,0.9281362244649464,0.2343978211862858,-0.06861054795445626,-1.6023383762345424,-0.10650797361579485,-0.9772950711417405,-0.6428321743195625,-0.26322909948009504,-0.010130155067383
1.6178781021682596,-1.3915261377237431,-0.674427077411062,-0.42508921520348,0.10602916503552175,-0.7552668300465261,2.97666161322303,-0.7649658998920971,0.1447042715140793,-0.8359621154506774,0.2501551633288335
0.5217147383329199,-0.05541240595413283,-0.007468216212380281,2.3733963226892545,0.4093860284948978,-1.7080554130559094,0.6180672090150233,0.44649860631652577,-0.20248934790297712,0.17694890438134878,0.6924246226282146
1.9982744152914846,-0.5991994219827034,-0.3788226724927722,0.5881411252711868,-0.7192748587156353,-0.6944395331555275,-0.31117108047443326,-0.8264333091227734,-0.34209799782754763,-0.5843607437172402,0.1329297765659823
-1.7336432734734355,-1.1318205648582504,-0.5738925216811771,0.891702127171716,2.472083994719623,1.5915484213052598,1.9756762772851857,-0.7427084700117472,0.3123488106452868,-0.6849505481288175,0.1142405997752182
-1.5662374993730586,-0.15274927974999306,-0.6113230388169016,1.8889603985252699,1.1266895545129008,1.1761071285170548,0.7246406900241658,0.32663722589756244,-0.12648484816494016,0.8674306104415006,0.4203167458915438
0.4135351014476918,-0.1859479685223569,-0.6596366653560162,0.22415800482719403,0.7574094730410287,-0.6874867620891032,-0.6187198172150163,-0.930799500901067,1.216799223200583,-0.7953949860586086,0.3127362675077246
-0.9203934884482907,-0.7874983954574656,0.14757822873505205,-0.05806937686385364,-0.3198250536840417,1.420815136034542,-0.18370012417655765,-0.9097293451347029,-1.0814220094624207,-0.41744952342433256,0.0930387357505168
-0.1724160061957311,0.3381271778310218,0.2354188526694441,-1.2982342744100017,0.9979205761726158,0.8745095396288722,0.5784849257190898,-0.5471700090536517,0.9721224514486865,-0.39569353330845397,-0.1789390771531731
-0.07774128698259929,1.378003475744536,-0.010139565445130156,-0.13524102456233053,-0.7229793580529545,0.8628045177117565,-0.044649564460131616,-0.5862615254195879,0.4414936476104115,-0.7359379484628983,-0.0048202900377395
0.33071736174379346,-0.2862485809759242,0.5537504022868429,0.4351411183679883,-0.7180420215208105,0.7603350474757499,0.43110890032692184,-0.3203402708309136,-2.1094679973495634,-0.04205181169353037,0.1869469874440514
0.9036560148423065,0.053148968058652886,-0.17286410631602314,-1.0676829444700766,0.11709948796425725,-1.0349883849141186,-0.31328083474948004,-0.003625853450582837,-0.27081159988673925,0.02258174833482369,-0.0943742335875716
-0.40223447388830114,-0.41847012986139626,-0.6156805825733291,-0.09245132964986319,-0.30574253209972935,0.22681717047456174,0.5700602967255278,-0.42831158854526563,0.2690514377017067,0.011585738761897658,-0.0411432196382952
-0.5671879059521171,-0.3391681215376271,0.14857095850764068,0.17495219418351107,-1.1192882397938748,-0.09725507826245976,1.3950279818279523,-0.5241598765409063,0.7743041105478489,-0.5041525014606183,0.034091398326101
-0.6676952055473856,-0.2778096466711883,-0.36134503446671523,-1.108001705408379,1.0542680014382302,-1.5930619390815077,0.29246005531295644,0.6533970739027861,-0.07997759136801198,-0.30409839229451385,-0.1397710871350889
2.525520415370636,-0.8848142614435501,-0.849694799036857,0.5754208534045433,0.5029283959961651,-0.9536491664277351,-1.514653272557617,0.2771786125160078,-1.50913794022498,0.5086270756773088,0.1544073594459825
0.6911610545983565,-0.23275718743102958,0.5764116435117816,-0.7122318995438173,-0.18542494946053997,0.9879990438015764,-0.07379642503389688,-0.9682682159619127,-1.488909187654579,-0.28826124466505515,0.0759870543000071
0.80781734734018,-0.24704301545118604,-0.7891129554975507,-1.5441760452233249,1.063134337102731,-1.4346826364568481,0.08183745108874076,-0.624815753343794,0.04317155797516751,-0.5557482203195147,-0.2110558471069762
-0.028534867676105857,-0.8378891088639019,-0.8092739968184546,-0.4850873502376522,0.7054388424043391,-0.7797113096108461,2.1844762161328273,-0.673150813212114,0.4458989314500646,0.20753248669319763,-0.058165055778655
-0.47131326409566504,-1.6186613348258119,-0.8523570670037938,0.09499002387955582,-1.0200050980113742,0.5337153518988323,0.17812392143824912,1.4190221639521956,0.3934096422211585,0.5633758395601768,0.1209464289691931
0.40304239042610673,1.4089014200062246,0.20901325717066846,-0.11621911090289973,2.839780386317406,1.2243100818981352,-0.9098404608104441,-0.3474940317214317,0.4482829486064447,0.7610476024329724,-0.0932094554879228
0.4018414977360588,-0.4336785303065564,0.5490714738746769,0.11520676010287911,0.11724095569812978,-1.411858646306586,0.7583311065750606,-0.8996301356156282,1.2551145404317774,0.04402437883642328,0.3522861193946879
-1.5537200131187658,-0.23921077211100228,-0.5323340523675238,-0.8000633730559368,-0.055336436594374816,0.17129868134246432,-0.8277137368732431,-0.4292668684221641,-0.6740452507954392,0.5614036794148212,-0.1153323698911254
-0.8918834009671343,0.7064883613454609,-0.5506818609058018,-1.1027881812990306,0.842259518225416,1.1475152059302107,0.07409847459248137,-0.10657070270843629,-0.35547781115789967,-0.21021682169271758,-0.3093330599387681
0.08463305351352297,-0.07820264614006443,0.14997027599176246,2.1950222985040675,-0.861593396364003,0.9117176324178481,-0.9121240480665084,0.7937695620600934,-0.8934016610291607,-0.7298046924969952,0.5360816756973472
-0.4929782833249851,0.8275219867175977,-0.719180144651841,-0.5302322868439715,-0.9512682850398921,-0.36458601086057435,0.15205303698489595,-0.07807239774852437,0.04581732320146294,-0.8576814436011215,-0.1951637033572181
-0.5742969996057083,0.6634052474537544,0.1894750754847101,-2.131872206778795,0.019212142365307234,1.5017071125343657,0.34248155946881326,-0.6231799965142905,0.14500400793164994,-0.4453604065841538,-0.4663843816425891
0.3675850912274831,0.533105525303381,-0.9628240348997867,1.5986652390698601,-1.2234729415062953,0.18731827226170547,-1.581757238988434,-0.8454394541074269,-0.7430533264280498,0.8608897770403553,0.3543667195836257
-0.5615865227677586,0.3714445398072301,-0.3543418486414413,-0.3287680196898529,3.04532417083971,-0.1948714696326811,-1.080364139998518,0.12363741621759304,0.9973111862043478,-0.276734610814313,-0.0704499879080662
-0.11879550593689826,-0.19364356886193343,-0.5903974042519563,0.5573073228860981,-1.1415309224018038,0.4754804937615533,-0.14078173632855814,-0.37059840418438145,-0.4683241520090649,0.48358821749724407,1.0564670724409866
-0.0037023061883080686,-0.31252584171232495,-0.432021353851976,1.3170828487544566,-0.3028096179769195,-1.7111713319780686,0.10760928911935115,-0.5656613494120377,1.3048011985555472,0.6822622202152818,0.5431725830408344
0.5198258808434832,0.11807916630052172,0.24527188700530234,-0.5071225026574121,-1.3524948486664576,0.9165163337049839,-0.9382534707274255,-0.25103726328720316,-0.707086680779719,0.8887949385544323,-0.0996059763873003
0.10377362422395457,-1.4173801006164777,0.30837969505845936,-1.0732396384211689,-0.18875645507424282,-0.0919585922523531,0.4848583115880696,0.5894694761831969,-0.11758804662280789,0.23999210986247582,0.1855512284828877
-0.5147827416485824,-0.4497724977735037,-0.8237316738431789,-0.20914103438129328,-0.7388308560321705,0.810947413110951,0.15376226902920204,0.33855168815966685,-2.21533323851453,0.6287891585355838,0.7252420027877335
-0.4697672361657638,0.4778845409344232,0.2634116451342498,-2.122984719116718,-0.26132937706063186,0.8283754446125406,0.3885834372673434,-0.6052435945104091,0.19680207239288122,-0.044951512797941955,-0.2043332507751052
-2.0965740307947844,-0.20119213676333367,-0.8016494184344319,0.5789384603002431,1.6544322171196697,-1.6407512691893344,0.6302127571545494,-0.9439807338653987,0.206981018434135,-0.7479590388400615,0.1639927751829904
-1.1435830482377776,2.501562494343282,-0.7124247114334242,0.8607917272948131,-0.32394758235138554,1.3013786776875573,1.8878320753128026,1.286943321414875,-1.315504704329681,0.8431238376166825,0.4542569455269688
-0.48643667674608965,-1.0524153997922834,-0.5131802646125149,0.5779104046503192,0.17980525314985607,0.9883998789298656,1.0964731880059453,-0.1474246209152435,1.120092327847849,-0.6770080177494893,0.159758955947082
-0.06060398730086301,0.7072408219688849,-0.3163331847862485,-1.5921639163682455,-0.8444654430589715,-0.06481723172778729,-1.2435651069154605,-0.4124764666576319,-1.1851946008497543,0.21197055173394364,-0.2629144387363816
-0.930708443878345,-0.9566616722242386,0.1836395872900428,0.9113041517237875,-0.2416469167870958,-0.8523962365322246,-0.881050741982612,1.2207269767197486,-0.8208784225607092,-0.7579022464912079,0.4238606573040445
0.3010644380525295,0.6887668524775421,0.7941733938370658,0.4667905463040765,0.32230953256168726,0.9138045894101693,-0.4102413743335414,-0.5923405526228369,-1.6236916692917733,-0.10069054157168933,-0.018982172601111
0.8136428160970017,-0.8214364089697322,-0.33122899376532716,0.5568934401562373,0.0934331392485783,1.6376403976258436,1.7062890125509385,0.41355427834992814,0.31086463709761086,0.3606957880462136,-0.0444818940823967
0.7492676568987371,-0.016089892253123343,0.9674848414564963,0.09365018613955645,-0.880093382420689,0.6205421115495788,0.5733136341774606,-0.560324689392379,0.17581595353155915,0.41789996908928084,0.3616766581581888
-0.410210401279251,-0.17980449370132084,0.09294590575462361,-0.48785985029416906,-1.194484710721249,-1.5405782304776472,-0.2416230666190796,-0.6207201329029984,-0.35053351426986223,-0.26314853142288785,-0.0573875963358688
1.1601551608311274,-1.2451790494436679,-0.35709464633220483,-0.6855104457208928,1.306457927422556,-1.5345929979423074,-0.2263960306361026,-0.8426640830628702,0.020942369062990514,0.14426956248282227,0.0364112144226328
0.07848489046350823,1.7670001739486765,0.22040149598586206,-0.13980628120343905,1.809258807020643,-0.6544975050851469,1.777280757776028,-0.724395989574249,0.3052105110014353,-0.25250646454631087,-0.1115268725739367
0.13303141813259842,-0.18700602387782247,-0.39741743612595576,0.9287076848094263,-0.5616946610971029,-0.8145222679858884,0.42780610316367323,-0.6545762937487756,-0.051921269947932,0.4045832155775979,0.2716125284551125
-0.47855550052181894,-0.04184354112010413,-0.38597070580519593,-0.654208607035361,-0.0077587184758358225,-0.06430022125239064,0.5989793512375408,-0.9242293082813104,-1.9546273130636764,-0.6400851563082695,-0.1243246850383344
0.5700863783454482,-0.0955267243686291,0.09977789905519538,-1.9152440712963688,-0.13910766202207958,-0.598427049777595,-0.5305974071816313,-0.9269074571447836,0.786556486922205,0.47033886017423043,-0.1560116626728366
-1.3009283212538156,1.2014317654186775,-0.7900270360672426,0.4019800527702851,2.935352107495963,-0.8317894425138386,0.9802404519002929,4.027153261023942,-2.243997936273269,-0.794808838553316,-0.0246764559593849
-0.573637576948654,-0.735332310998532,0.045204171927919534,0.0063732688324690335,-0.06966940164234697,-0.4072255609723189,0.503791464207989,2.241950713250692,0.3719878143298681,0.15079383379664288,0.0119391705806415
0.1201578061129966,1.3619152604956248,0.8233601465366215,-0.0806891195926562,0.6575725941371648,0.7236162026925917,-1.3567638553797825,-0.8580417545938251,0.3341793398381507,0.04516768941797154,-0.0753696913433182
0.5151862532570085,-1.0273371203313535,0.8109794597038178,-1.2009597022822338,0.589448240623889,1.1710644262041598,-1.9764440599769306,1.1122873428710418,-0.06525481399047449,0.4733340651023938,0.1294826028364848
-0.908825450072487,-0.8267271225091245,0.8109796804513759,-1.7747294933474453,-0.7174195638393118,-0.3309384711548502,1.1053769176266441,-0.9516971049120987,1.1445168128386547,-0.624617590909435,-0.1247885827886386
0.29850826024886057,0.20186294036060223,0.5121845798102618,-1.8912079263756718,0.30208331503782215,0.3377751572523723,-0.4251693183673789,-0.351969716181786,1.0134218915102364,-0.5873284220732304,-0.1648382152098209
1.2070041471125064,1.6323446749359878,0.8102108049866107,1.397965714471136,-0.34223564106079635,1.511486313935983,-0.6967352339869696,-0.8111123929766152,-0.4487664139879303,0.4115613355127518,0.3963044516606062
0.12399148453697355,-0.42204253066906583,0.6442566881533763,-0.08136636567294837,0.7406636399022453,-0.8501663600294731,0.7507522746964951,-0.572811256057619,0.43745360041308423,-0.19583192319989673,0.0159829595871316
-0.1159769817163262,-0.4131868123310366,-0.24898925213784923,-0.4886225744093451,1.22651566979451,-1.6470678791436777,0.5092038023155326,1.6888152913792676,1.3796571566954843,-0.605012597403913,0.0003339035934014
0.36846886755575997,0.4250710982445206,0.5288373551432142,-0.40767840245929954,-1.4860002272381714,-0.3349652483056896,0.11424104804666775,0.6552905235161036,0.9635263626941964,-0.0717703489909651,-0.123755844848503
0.7706954474564055,-1.5940387756192878,0.7127369221555971,-0.058304714530999745,-0.2519982345953916,-1.3302128795018373,-1.5940739732210198,-0.04833299797729812,0.37351457716730757,0.5327275089968958,0.0932217098789305
-0.8172830474621156,0.45120071316585214,0.5359171340177263,-1.7620195292225327,0.7216857730605815,1.14187925521387,0.6162782470983321,-0.068845904320054,0.9116484223035873,0.8308152376932607,-0.3404323128373484
-0.8801683347036331,1.1879483881724613,-0.46324928503525364,0.9534479625475927,-0.9679374504438276,1.6055975448193907,0.41146996581818607,-0.17287206072350988,-0.8975710668977639,-0.012683407125334775,-0.0208441578811096
0.9571616921484358,-0.7247728513061621,0.28398323437388934,1.1458852052064377,-0.3445393345898881,-1.4456978187304528,0.1794383583293388,-0.1608590047599291,-0.3551026389890955,0.668974008086913,0.3926711839945289
-0.13306350258332258,0.42208243028164943,-0.33359873239817345,0.5967549178416204,0.1392245848823473,0.8263753686839815,-0.0398095889064338,-0.8963969357086563,0.8266941377246162,-0.46919033568725527,0.3128757426980157
-0.4554324903473196,0.7182940111161704,-0.8843156571411693,-0.5118335569926208,1.3746918483401744,-0.47041382208566845,-0.5916449915894658,0.08674300484874022,-1.0991970027746787,0.6907072757345171,0.181347222416627
0.3117288905189517,-0.1475990825173416,0.6309583498006717,0.38293404023669997,-0.8953536357100215,-1.0411282595391746,1.0786350603462673,-0.09088616747579398,0.8050250007275145,-0.8919123130445321,0.0932741349065248
-0.8425306913718715,0.8007324174356277,-0.3095976774786593,-1.3931519798827567,-0.32298496485440187,0.39154337387119215,-0.8377963476811872,-0.41770393364694425,-1.619569043803824,0.27200644611093777,-0.2225405565157138
-1.519058660363956,0.4160544574681199,0.6725296745129345,0.028220742118741978,-0.6244775639840944,-1.363807085786635,0.264188856748191,0.32657759860186575,0.986080467126078,0.23777890331960977,0.1366434858549827
-2.272303361227041,-0.05686900243825431,-0.2562814424582519,0.44944049551702375,-0.9008014962509109,-0.48859934786837267,0.02387323021360009,-0.9661199567150518,0.7133320826633265,0.0646612309781735,0.2194104231338187
-0.9340022557787485,-0.7514805874369945,-0.5485239759622724,-0.39839417171860664,-0.4359817665277211,1.4396403399699855,0.24643556244329318,0.6803852237695507,0.27949071684518345,-0.3566808627917765,0.0894510332169154
0.2769416646131076,0.12115601007037437,-0.6777291663814631,0.9083227047439413,0.0030905422978774826,-0.34415555215579485,-0.3583313102965406,-0.32977168653589867,0.1974995548325444,-0.19859943241890257,0.2498438018797016
0.4931815583824937,-1.1552846624612931,-0.1459405838973959,-0.07231334397844297,-1.1972995088490153,-0.5733796054756108,-0.5259966383936213,-0.5390051479199561,-2.2054917529542735,-0.5041368804987202,0.1171768080918602
0.18490002752864448,-0.12157746773559563,-0.9634170771601754,-0.25690628865397147,-1.0181739638730665,0.6795491966378903,1.2170204457635918,0.37029710808721067,-0.9745667158058376,-0.3113665293722401,0.5807122399429386
-0.20561195111191527,0.029067448196863764,0.3281423443259015,-0.535213843843629,-0.11794893171953015,-0.5381172913884739,-0.4252439801802116,0.2270738454710518,-1.292335505474706,0.3551453438643968,0.0893701635033526
1.46417899231849,0.13341748704327366,-0.5499500215071796,-1.638957975004505,0.980351080799508,-0.9770728608208187,-0.03592109273213455,-0.4335208227516428,-1.4429650010204993,0.8761681150983364,-0.2188569218508499
1.4515218550893427,0.025548267945882563,0.7549015220168213,-0.7650186307363032,-0.34945723180799876,-1.398685438334231,-0.6935796127165939,-0.18516618868268703,1.9034665305888563,-0.48045865239208474,-0.0221852498429316
0.7636758455870464,0.18134270051509058,-0.11654643127568126,-1.1275812793765103,-0.15265857203099686,0.46809777050182844,-0.3887486062989183,-0.27677681803234144,0.8002201489744017,-0.7367760324631172,-0.0465167651356115
-1.427440743624323,0.688612148371499,0.12480801413163975,0.8771723015001696,2.1610877339201684,1.4895166509006466,-0.5118376140496794,-0.82301106804515,-0.9601565812670717,0.7172207292177487,-0.0068595810447929
0.8518162785600671,-0.36860500351144737,-0.5536662541661088,0.3324808754102143,1.324906082152386,0.2686581167370259,1.0508314260319411,-0.4868987237007957,-1.150511203873121,-0.4865250632287493,0.2443695438550095
0.5409222118403904,0.8633906495062748,-0.43153588277545374,0.6947054457204532,-1.08465219131353,-0.586861003845893,1.2194062025313808,2.418469526696444,-0.24829690561155845,0.7540231446831182,0.1035867203969325
0.7893217979145832,0.635088942173083,0.8778609797606066,-0.5060051298072197,-0.39935295301413715,0.04907997034841632,-0.8551002064004342,0.1872349028241121,-0.03479275153692555,-0.31700751728973015,-0.0919122460359996
-0.2588139516475303,-0.16925793867327749,-0.9644242826888865,0.794253964910685,0.17371462457105524,0.1963126039242942,-0.017903215559312735,0.9592150286638734,-0.15060209499692362,0.8873229399365337,0.2034549977810647
1.1898208218851718,-0.7895367962199594,-0.9270614637510475,-1.3098976424149573,-0.4384861488303343,-0.7040451873338753,-0.11578093157539264,0.05217867608459861,1.7002224211495893,0.036745916195982456,0.017582754484207
0.5583086860849519,0.8282713878450735,-0.8008701532406016,1.573013390892992,-0.8092249576185682,-0.015716326354568017,0.4546673633954866,-0.404271595500031,-0.5551907590580409,0.10070770601546392,0.3274806832462374
-0.048210440775195186,-0.5221171797107667,0.8249339710133553,0.9706577746445355,0.5864622450914291,-1.1866967167445932,0.06650157026006534,-0.6875391729181024,1.730742612998909,-0.1374681543016184,0.2422577761057701
0.2545714831138574,-1.008815890002465,-0.870993543298184,-0.630725129081923,0.003694343423102367,0.7057389001331715,0.6404958891954815,-0.6372180872440265,-1.3415734733933942,0.1481835352386072,0.0043738136698327
-1.0602348603103053,-0.9998023858387746,0.8590683754670208,0.27043553391467573,-0.5949373161828432,-0.8452517338117759,0.5542757060747854,-0.1704296785051399,1.0974374440618624,0.22252423726166287,0.3855396792916459
-0.890875523523804,-0.38652198116828007,-0.992655159612681,-0.1146600547665687,0.038282986919049924,-0.41487799453268887,0.7359378962440687,-0.6655974205517325,-0.6371966467040588,0.04008315139294967,0.0379481312628943
-0.361610530683761,-0.9824872564858107,-0.23729181766888177,-0.630684515749837,1.2708133694625903,-0.15597129326792603,-0.031156569791120556,-0.6601361853775009,0.17476305023149305,-0.0470967115794139,-0.0523535806084404
0.09634778757165631,0.7623958939216133,-0.8477980211660054,2.1874641363876863,0.058845002390825504,-0.47018486068092896,-2.083176590009008,-0.11331300313728368,-0.882579246859409,-0.2958306495630867,0.5219034985570862
-0.015912857196223058,0.5894684657384315,0.9392937304678189,0.9441485845239228,-0.6561585747224167,1.1590895074578427,0.9890106002246543,-0.6118484517885301,-1.2934410495549704,-0.10609098902003891,0.1223335789246429
1.4142945324324114,-0.37887070489545216,-0.11420618737907551,1.299252853959195,-0.5562346415205834,1.0092669469105342,-0.9726207444645847,-0.8300189290494042,-0.483920919442186,0.48749825869556584,0.3528401954442086
2.1829267810969246,-0.41047178095459314,0.18284032811817355,2.1913067630747833,2.0917937381473966,-0.11696867648082973,1.362230801614108,0.9850390779403762,-0.9795394393154966,0.05216458204484387,0.6420003000625505
-1.1923559333855822,0.4786516056329346,0.04636425178848677,-0.6489294095142806,-0.26744059862198516,0.6212315216881412,0.5852822779408542,0.3063109810536525,1.3780657638948302,-0.5603306244861079,-0.1377957517911018
1.0342263083833894,-0.8926875132071649,-0.6765717916966985,-0.07792693508268686,-0.23637178010801504,-1.7243469617738425,1.9581437820929433,0.16931414530725364,-0.5434347283033405,-0.07949244541883338,0.0218666437669948
-0.21159369020023974,2.012862608887951,0.1559059273647921,-1.0019925034909265,-0.16157722424677354,-0.716761469394899,1.696642056835993,-0.6715755667712486,-0.45117347351191683,-0.9875354201349572,-0.0719795235996414
-2.38530243896014,-0.11985880590169477,-0.8709509463119535,0.5651743454885927,1.0773157927313761,-0.5992606868499348,0.45269086616777826,1.3494614101744293,-0.48043519628682096,-0.678572519569573,0.2271814390773926
0.27471982636122927,-0.34551977946419365,-0.6462447819321404,0.4215089675516277,-1.2015053121155201,0.41841133769993294,-0.5057562049916848,-0.5453232655606784,-2.1787946609662847,0.5407406880971067,0.1444465047143199
-0.0981580929868424,0.9732419595501002,0.23067319908357203,0.5948913458438004,-0.3229068459972863,1.6159685658949188,0.20410284117910932,-0.7774019960715219,0.9429233297272365,-0.9786178626742875,0.2186584229072139
1.1817524993915152,0.4966668701469513,0.6875229041587272,-1.9570847384823373,-0.4660616469069993,-1.1564652192833753,1.4775134020057379,-0.7230810031966063,-0.8279085959272877,-0.07962007386382648,-0.0820609480196694
0.5186414132366729,-1.0794839318228489,0.6699705688852442,-1.3689366369649887,3.180561592904283,-0.7662891814040577,-0.09576148574844158,0.24693760290784483,0.09796691570963924,-0.03824678925448734,-0.1240943240383316
-0.36207680759168615,0.5967195503826194,0.3554223108653132,-1.218536857004964,-0.920460169161507,0.6503838953860976,-0.45789785813052963,-0.7862056082282544,-0.909807321593738,-0.1985124086491145,-0.2593744279630388
0.9674200087086875,-0.2533461292658911,-0.47620550581524945,-2.0195649923412446,-0.8652435111103123,0.23923337895303826,-0.39098202216138134,-0.8533960626166842,-0.2057054257220378,-0.6114844178106111,0.2666610066086458
0.9357055744748533,-1.5648651493190424,-0.7834228763159625,-0.8442424153849956,-1.150624167591747,-1.3820723141939917,0.6959402458761916,-0.08870847630639882,-0.7824707925142448,0.2510797355370907,0.2725878911314877
-0.426656422723547,2.4583198939425746,0.4390832233702627,0.010039938381057375,-0.6335200457238379,0.14104722110812365,-0.4887938325615348,0.7104863420345867,0.4108809032704271,0.3726963536815036,-0.1977638770983669
0.8829044819435722,0.11710655459451269,-0.5539468261857089,-1.3122202975872037,-0.7199531378838114,1.5739575602051263,-0.007953595480221561,-0.7239420117356187,1.4024968568812277,-0.1393089604580424,-0.2669184257061093
0.8863235976589136,-2.0364666190320557,-0.6083001478904194,-0.40843283577957157,-0.02057671632387735,0.640813442179621,0.05841346515185865,0.01671003842573559,0.5697725205849203,-0.5476163710083736,0.1439999373223156
0.9816697452533866,1.869564660630448,0.7650788056169702,0.7642267031770029,0.0494212482826301,-0.5938647286513389,0.439972703892559,-0.0162985335966112,0.507870692964182,0.578901643195661,0.0819014085821602
0.606804545240597,0.7215658216596621,-0.5393546340273986,0.7670218415849175,-0.7339037188734964,-1.2128214471076402,-0.35804793158490833,-0.6273243195023286,0.8496733696509695,-0.20547560352220298,0.1154026248768537
-0.3236418822932978,0.741678330762516,0.5837833851284517,1.6480756551131241,0.9368640722939309,-1.2595929683527707,-1.3484119447049863,-0.44981599359251373,-1.0105832124465681,0.6690335773350796,0.9523545273161008
0.11083867630363517,1.529267218127377,-0.13993438704945713,1.131668937138512,0.10851779915602286,0.3003802104065737,1.7252119891204944,-0.051368431538894505,1.2978151801319913,-0.7800912255204071,0.6442574091958311
0.8422883918810362,1.8422209021824205,0.8506442462725995,1.3109972630319757,-0.03657655333604152,0.5862141816780962,0.7667147617023913,-0.584591138746283,-0.1554041504255655,-0.6148430101043423,0.0996706616544828
-1.5276747621404945,-0.26814901660208035,-0.2651252706963832,-0.2520349087739535,-0.7739489279901227,0.7483623801838516,0.11663750840048079,-0.9412262359397683,-1.6485743055578175,-0.7259174105019474,0.024829966338537
-0.4909486978725158,0.1763338130114614,0.47562473959801777,0.662533215569861,-0.4923383451820987,-0.2741445440355282,0.35292165865740416,-0.8359251162448703,1.1047810882071964,-0.08418060486573721,0.1636354935027746
1.7199312054584077,0.18647609833417791,0.2852630054330699,0.23048350991316754,1.2101149362731314,-1.7112362940785504,-0.8112859828965872,0.4252245297444703,1.9465587693422512,0.02889115433440033,0.4558713444079712
-0.9056275327162451,-0.09030088710558021,0.04628339659720435,1.4502192907809104,-1.1888587253394949,0.020603198690925112,0.324341327917944,0.30087380295300925,0.6289113371098675,0.18684910259501228,0.4571138710667872
1.4737423579244857,-0.31961676148567025,-0.38110870057141377,-0.30245164390161355,-1.157260754161099,-0.24643561737985806,-0.8804481335974608,1.340857509703554,0.28767134618289203,0.3804162831223176,0.193662924088212
0.8348917762166481,-0.8255574732551901,-0.417804936888115,1.1540644952994235,-0.8146230496596419,-0.6000277886913903,2.978011673752934,-0.9164170390635231,1.4529883685924232,0.9401877826327826,0.3034078697427805
-2.148496300405075,1.221453913037317,0.4101971214118348,-1.9957702305120517,-0.06950712432139829,-0.09678676567608253,0.23633322313569208,-0.8586192348627724,-0.3236705785932193,0.45188175340148595,-0.3189223963870501
-0.08403272169481381,-0.6934218400995575,0.9484087856588242,0.4659257985252962,1.4574994861036736,-0.8209665436275886,0.010457012626023483,-0.14146047776651283,0.590051994653864,-0.6553912891417495,0.1099329056988655
-0.1820477020667973,0.21712233542238793,-0.6965054017752671,-0.5081520654416326,-0.6036802356148784,0.5223243889492684,0.010622271561844693,0.8583157885118959,-0.12871929889425357,-0.1945025737631787,-0.1617296619920949
-1.7779495966662449,0.3804946041232365,-0.15961404972961035,0.5359381989905884,0.36152181945043527,-0.8030486429422766,-0.7964019263894054,-0.6228358219349257,0.43301767032373484,-0.8035127302095786,0.3527655497120083
1.030710651445566,-0.7141430025388599,0.46059969532576706,1.514491544634839,-0.3651757770417916,-0.12511470320544102,0.07979012281587027,-0.6814546370443558,0.5290506351063938,-0.14733335172903303,0.3966373242661924
1.4335036871366265,-0.9261552993797093,0.5336718938961382,0.8718639452584876,-0.4033154658110909,0.5714834153560021,1.033917980979325,-0.6655487243956336,1.6404594192786441,-0.6078803059057081,0.4808560629398316
0.504178649276557,-2.683698386839783,0.6878019934313331,0.9444678929801344,0.8782328734448235,0.619431902684941,0.026380671285191077,-0.9693108436345185,-1.357673814260103,-0.9039497554168917,0.7319914705334143
0.06623079055085743,1.0541582875116882,0.12994354148663756,2.1875752396423085,-1.1427469948782893,1.2126003254599966,0.3781442274178692,-0.05494938638229823,-1.1236078152290867,-0.22043971591273173,0.6932639271693195
0.5080383220057698,0.43080867392733574,-0.3856031577106989,0.7449004391195138,3.9567571369224175,-0.2703040144713617,0.13446907024453242,0.30146719780294107,1.0980501803932372,-0.15380313600562928,0.232837612503962
-0.19029443945165606,0.6000503774047913,-0.7037865276013321,2.5051517166594977,-0.4264899280727892,-1.3783067859418565,-1.333106566867933,0.34103864429266806,-0.34029090962494307,0.5100299605057508,0.9674257217053156
-0.5247050870645648,0.024180797615849143,0.7952907491400502,0.6589073504376222,-0.4011396604314688,-1.627431639787234,0.29398042815644776,-0.03854961150617796,1.1251480740976838,-0.2525306106593265,0.1661989417403144
-0.13110557174296059,-1.9784792314300068,-0.008803195397432326,-0.8008312680124404,0.1526896439845831,-1.4369566922702466,-2.101451555471836,-0.14261159804490608,0.7952497390354492,0.4909144370358832,0.0778546658399798
-0.17675314609167952,-1.0854386015684452,-0.5089256709997293,-0.46757860971293047,-1.1207496615074237,-0.8428210804714114,-0.567542789522802,3.8075324103146118,1.4895607728993172,0.45476528616794676,0.258323474223995
-0.33778283657766794,1.1044932821735642,0.1506368259512359,0.23074404113315083,-0.39671055682812517,-1.2995482617095784,0.8622375243624179,-0.3382273389875527,0.8405248857753504,0.6380054919297555,-0.0229243594014625
-0.9554597496346889,-1.2776303425307867,0.1456381089214377,0.7440116869398732,-1.3802175536006058,-0.8763820352339335,0.599069045628686,-0.6169187158075957,-2.0204622955264973,-0.6005514013170649,0.2518823398042522
-1.6051499565789724,2.931361397891461,-0.47056754760207786,-1.9222403193145434,-1.3784699208373852,0.0001610982153947637,0.021632010700145296,0.9033786645068967,-0.11907269829949532,-0.8107891676863476,-0.2810555684361681
-0.48958601625572795,-0.5595656809049316,-0.5476198178428046,0.4799251359451283,-0.7027802464497922,1.2257834693442562,0.705445255166724,1.3338669005368604,1.256034603262321,0.38847664276631794,0.1892064270747629
1.4236975639300828,0.9632695851385876,-0.36243725963524603,0.14416102722108834,-0.019582250527102062,1.5004245954555493,-2.493433126616051,-0.8371518316285536,-1.1401329276464944,-0.6276045907802719,0.043409873672643
1.6327880360850473,-0.9426335142809998,0.3483161791656367,-2.0539290799723218,-0.41065510823158985,-1.0830131447922855,-0.08516831444089147,0.9446327649148761,0.4350122116862184,0.35967547637237723,0.1597122269518286
-0.41592888606382605,-0.4664922190659411,-0.10434612254580153,-0.3579076951356103,-0.5528419911492028,0.4959317082364428,-0.7547385832938739,0.737658711537104,1.9640246837343893,-0.8389982385597027,-0.0907623010545873
-0.5751101542127244,-0.8979800425578458,0.33295112789526854,0.7889523099974001,-0.6165297324995795,-0.38658951956495075,-0.7702211524310435,-0.5929324446549996,-0.9582733241429205,-0.5435449806306677,0.3241621646320991
1.2539742973673897,-1.0256797329895544,0.7475454427758793,-0.3562328798826102,-1.3966382296534472,-0.3868095247589812,0.39959201455307186,0.05530406441893924,1.4373012238372025,-0.85139410566469,0.1188441035443285
-1.1146873740583798,-2.07913557111376,-0.6025093802934322,-0.5468134095263192,0.004923093744206428,-1.3423827058157969,0.9016132088436504,-0.28109921939492855,1.333224557729818,0.2786922668914505,0.0387587323271009
0.15729746538191414,-0.15172568627759714,-0.09328268134692289,0.520953983300742,1.4040149431106368,-1.7553694837470626,0.5031603029923076,-0.6885160712172366,0.6072010991234694,-0.6882587718459884,0.1513537245186407
-0.8240788308191882,-0.38813916114949504,-0.2238690160004203,-0.3707074074435619,-0.5703475301600368,-1.2042527574036497,-0.5847004421994809,-0.6862075388362504,-1.0179695508205822,0.38978218040397206,0.1716076825241033
-0.7385951880025485,-0.3844226491604686,-0.1817003779800119,-0.7092716235340306,-0.8288662786773543,-0.787178432000263,0.6751885842908049,-0.39796490976421445,0.9142586084575667,0.35372346747732486,-0.115379290343734
-1.3508704980004111,-0.33141435584759504,0.26279646814098856,-1.0940764101242908,-0.5140482314578249,-1.6697438115879306,1.0515309120950875,-0.7887896054388285,-0.5187650778389933,0.902462405048601,0.1120274017892554
-0.5425333020933715,0.2721533192379187,-0.10868260634823713,-0.2694471424206797,0.32602267092827425,0.6960435125458521,-2.0156687128860993,-0.8104195262998629,-0.35345664575150276,0.08592125135733117,-0.1112714628909728
-1.344897772149508,0.3189952108175456,0.45355124730872015,-0.2837187045602559,-0.5401567220090369,-1.5041880882454672,-1.0510872942984695,3.1101440998691667,0.4148880798383826,-0.2573652985354014,-0.0173739035731694
0.3143452051318088,0.235382848299903,-0.10977371847980892,0.8872133870311487,-0.030673409001581598,1.015089464629837,0.9456531129265393,-0.9126995867169092,-0.225028125169584,0.8481197684161098,0.5567315192800125
0.3056162570141086,1.842648147672256,0.10269970083245243,0.327090472424913,-0.823522416315148,-0.2501579456330291,-1.1397912391340175,-0.5297974808127199,-1.1770293847346207,0.8575386293909545,0.0616862598845546
-0.7716962262663755,-0.15991791361014426,-0.2147347559357724,-1.8682455907814164,-0.7557163925312631,1.0092005155321135,-1.9192690473485907,0.42433330190015806,-1.082609428070531,0.782423246817996,0.1447163719947197
-0.5776582410250344,0.9181283371526142,-0.9797605250772488,-1.8800380755690675,0.3606005717819875,-0.39909964239567836,0.02481159458794668,0.6709920999146896,-0.05048268802969545,-0.3695665707022451,0.0611681546821011
-0.7035884446388947,1.3457141102234909,0.4398584362974749,-1.5068505868286888,0.5934611617194725,-0.7411137546820252,-0.01511198233744983,0.6429456892409507,0.3086748547090981,-0.6203100048300508,-0.299400843307569
0.5342959309017142,-2.005453061642221,0.47617138519981994,2.019395440405071,-0.386324176572376,1.4917247783296872,-0.154234041276964,-0.8594477562031566,0.247704738582476,0.5350975077653034,0.6229196129526684
-0.6216806809027259,-0.5213481049880206,-0.19650224103177502,1.4433658412546824,0.41974988324377444,-1.5881346151217002,-0.3690017618177565,1.2120583465526773,1.2100975698887788,-0.3365492698232094,0.3670139304512498
-1.9004689507843697,1.4952034027830472,0.9707091993366366,0.5297472910067782,-0.7536356440407181,0.41778884870363786,-0.4409816124419322,-0.6416355861617044,1.797934567266441,-0.01642504374817437,0.2342548664723266
0.1427439557726397,0.782772930856169,-0.1714101003561274,0.3786950849660452,-0.5687624022085991,1.520080373160871,1.3772748472826533,-0.6333942081227654,0.14230203537465608,0.5777883290343091,-0.0450550677147749
0.9104042744604974,0.6283798678863194,-0.536563694274688,-0.11508839305270067,-0.8716589952208234,1.3210729796149432,-0.5751467301332797,0.08818453179582027,0.12626524030579356,-0.6787006960662483,-0.0290470320682671
-1.4167411716757228,-1.0899505256012918,0.6689716586455073,-0.995001834923369,1.5914943802195762,0.9833226837625533,-0.8995489199754674,-0.4195595081393574,1.1801265795085911,-0.5955180713031573,-0.0033778160908233
0.42065255826931486,-1.121810742050171,0.08698655733023312,-0.423524363155163,0.03112414882974664,-0.2758628301585239,-0.6644734743433041,-0.6769360634582607,1.991194720467847,-0.7244072895184617,-0.0180606428469652
-0.44085703406192606,-0.5382533772568039,0.6116101155947151,-1.1602946446045344,1.7058805200528977,0.7219888453346676,-2.2697951695187113,-0.6954767644075136,-0.17403593147846544,0.22934120293061913,-0.0852904152868462
-0.4818582250294079,0.7925252462179958,-0.03569778055430109,-1.0171217665549157,-1.2866617335354062,-0.2724042430042318,-1.2453521663581668,-0.6427181933380208,1.9198678532136568,0.7855562990793303,-0.219721984094369
-0.1884611420211463,-0.420796605364722,-0.1599405344972727,1.480567783344409,-1.303328389655468,0.10418800381865367,1.7216754685272149,-0.10156806994140762,0.8094607473409162,0.48245150354796995,0.4403560832775442
-0.28615815555551516,0.7487117205101474,0.9131554106906409,-1.2075863978556702,-0.49168126463175754,-0.5275313605150136,-1.2380206797007893,-0.9232580747026266,1.7061808102991407,-0.8610558994576272,-0.135061945500801
1.5172482008815884,0.08553946132752308,-0.4148497840394715,1.1640416697546276,2.1413144681227614,-1.6383012296792043,1.9694514250129374,0.5639347210297836,-1.1542803172251033,0.8239576804679697,0.3177227399336957
-0.18157534481501486,1.2013594357912976,-0.6248126704854143,-0.4708534230809809,-0.6630211832241465,-0.13656802287040642,-1.2617009773386814,-0.6813718028822369,-0.130126923977495,-0.48226545189248793,-0.213498129456342
1.1218024276367882,0.6923091556698995,0.48986779275787584,1.125528170539632,0.3330126622113904,-0.3908009622970062,-0.18431367346821112,-0.28391086260300163,1.2969388042641956,-0.3641678802102241,0.2495558941416398
0.10323493892366997,0.022811779070452697,-0.3526538133705525,-0.5899724996952855,-0.8260197311029407,-1.6238631811974942,-0.9688767013051939,-0.6883860141107723,0.6550686048947547,0.24803909848834754,-0.1021723457361217
0.4208754386926447,-0.24089743866740185,0.8133252471901685,-0.6855395391115554,0.7784754303670068,0.42341870570174583,1.8456013873802306,-0.6865219740358809,0.9413230612291146,-0.08822954484112897,-0.1425231567684075
-0.3629197491153585,1.7566765566708178,0.4176003243083638,0.4133790291570063,0.22771431752734209,0.7000885239573701,-0.24450032747343348,0.2972025852639159,0.767598737037042,0.6299809929880292,-0.002647140969103
-0.040158958901280316,-2.965689836377578,-0.7042871990499894,-0.1430067754230223,-0.6656891987986038,0.4174863746833877,1.1350478944895752,1.8127250266196577,0.45599989747671144,-0.882591273447338,0.3300436614751476
0.7083668936418875,1.205602045201564,0.9978466586692663,1.4692113766178445,-1.007141353515548,0.5176249446314038,0.19782456516119587,-0.25674003391800015,-1.7379513373998927,0.7721147841489551,0.3167583610166082
-0.1598396305584678,1.184643501030391,0.3252630797441356,-0.3930562589206264,1.962005223908183,-1.2942520478247992,0.059206006784273776,-0.9737651587513437,0.29031918351923297,-0.6642438126275118,-0.1803723488851667
0.8423122163034763,0.46665530567915414,-0.06757917571517644,-1.317961769345563,-0.5483865191709116,-1.5247535215133068,0.05404940984160149,-0.814899520306992,-0.6094851391838861,-0.42993668630531956,-0.2207538028200846
0.8429968832512532,-1.1880615429935795,0.5705095652467277,0.2279196926663985,-1.1055912776733394,0.6215683726527357,0.07772000214014282,1.926959778172137,1.0111481247915433,-0.4778288728911309,0.2517217136727844
0.76273291794486,0.7695577301951699,-0.6935462696543464,2.390725074740298,0.6017814198841659,0.6835951790820858,-0.6011959957748192,-0.41872296028820993,-0.3800350750142997,-0.24793825647859485,0.5905622477178348
1.2700137565433844,0.28988164758972973,0.7789835888811263,1.3445269234211774,1.0649027761770842,-0.940874287886141,0.5348759331740224,4.24740243775629,0.8863501521070895,-0.03221858930038546,0.4260190583313963
0.10822675818959059,0.35161408161105484,0.7895823231822435,1.1964006901526416,-0.5370756668309398,-1.7453899319312753,-0.36620681259996823,-0.7284764309422559,1.4109491438967738,0.2029622674722249,0.3954651629803701
-0.07454471564471743,-0.7343223610865963,0.5218741292588136,-0.4655498653854599,-0.562134237254223,0.8423775306380555,1.219947089798565,1.0353168558701946,-0.2049683026572647,0.8630640513362808,-0.1181506525374325
0.575263467226251,-0.9686323283380209,0.9036002158467275,-1.2074020654003332,-1.2331445547734883,0.05933324220910985,-1.8610444175132528,0.4052754908544453,-0.9963116002626135,0.7354590075124062,-0.13064806773776
-0.3455351059763373,-1.0002820683168445,-0.6285792059312624,-0.005254269462093855,0.8756198268124911,1.2679291862198323,-0.06706653367924253,3.2352723171065496,-0.5326277682276687,-0.09526712821106383,0.1940445898671712
0.14480739613421584,0.20515237529662142,0.3118571047792255,-1.431929405464321,-0.7004546715467793,0.5455543908894399,0.6410904771272201,0.07799090706417129,-0.3097939590411416,-0.12247221438923625,0.1486573928796569
-0.45741783656882434,-0.7268672673137825,0.05405408236617279,-0.3196535936312022,0.509548553008432,1.1426478405510136,0.4938334273962378,0.35623868493176736,0.4216935414114819,0.4831761831756125,0.0677374363226246
0.22059813731292255,1.265784570777054,-0.817860430327759,-1.5773626322844225,1.1923574065631037,-0.8839683810866846,-0.9233730264080818,0.05330078106990504,1.297554798836098,-0.8944111852657799,-0.2701884959712906
-0.13237254051495823,-1.0990382140027395,0.5614001338542516,-1.9053856263373443,-0.06165393164650617,0.2953967872972142,-0.6031324497133789,-0.2791767696799876,0.8713286771123069,0.34538799950102567,-0.132768207056145
-0.22863341616940888,-0.43791755980470304,0.5072998301228298,-0.41734355127883166,0.995674435812433,-0.4594670411829374,0.7872555008287512,0.4050288395096493,0.30607088397348475,0.3516884874434084,-0.0389835329797642
0.6374019117956059,0.08244811130892882,0.5894357383111452,1.0661153318450574,1.0230700785997664,1.6411994146775186,-1.0031590167259155,-0.5446808487255344,-1.8154915337672364,0.41620844085174724,0.053968071627483
-1.4797647466634667,-1.079761688780429,0.8985322944237533,-0.4807647703335804,-1.4046906078078751,0.33913873629952984,0.11591792748716385,-0.8121038484372402,0.04892719329489972,0.7400677518178097,0.0237497315350547
-0.8016091103326094,0.7488392233883501,0.29330082585454587,1.6312076149682784,-0.37114151787265737,-1.3222956663994798,-0.7529865598208297,-0.43993366656216404,-1.5706537569516106,0.7687596802601194,0.8265415097503359
0.7082133831011271,-1.7818415096822857,-0.10227603193119528,0.8670436236586055,-0.7446996841252744,0.9602516812754415,-0.8962534466262966,0.24095751162574605,0.6515443207189383,0.5508839231362196,0.6937972651674432
0.07575709631498102,1.0680532030141212,-0.8056135017186474,0.8759555493806392,-0.4644548183508299,-0.7042028965553637,1.0041088077392708,-0.05303392365805203,-0.077980175575691,-0.21313824003774115,0.1310915559939637
-0.7568505197958858,-1.0775022361899855,0.35967551279732085,0.15487594493888765,0.7353361483616654,-1.0623267425346357,-0.2466116380118586,-0.9105581354815449,0.7801077622769055,-0.4213016460828982,0.2373151388341987
0.09076329099731699,-0.24956248082391375,0.1897317114829594,-0.0960439266419868,-0.3706614362833413,0.3160480019313934,-1.0970641153842307,-0.06379399360631408,-1.2141830739477695,0.15664022546267803,0.1078606353384116
-1.0885324460369656,-0.5771298626700733,0.9076358134908126,-1.007903142402904,-0.601792751024504,-1.484203685483852,0.30876330295114457,0.6288303655567127,-1.296479434633111,-0.16982754256096214,-0.033195524630445
1.107573592982036,-0.7253454966215134,-0.4791062832761879,0.05284546108937984,-0.2113340201066964,0.9365758441933626,0.011109772663366995,-0.8308246489281431,0.36133820053447613,-0.5727294376775106,0.217835027322004
-0.7729702540391192,1.4269374669186967,0.6449503000071881,1.4777652212303392,0.8035596044524891,1.254410556808243,-1.6303390774381956,2.785672937026007,0.6848021148792722,-0.8134901730601409,0.3270243639276985
0.9354681579272811,-0.10221028677532687,-0.09026098077356859,-1.4368456087155652,-0.866528730182262,0.7168136198947047,1.3245567604666821,0.4358859497648536,-0.5624122465210846,0.752989431469713,-0.2205659142540117
0.366185751864155,1.726165202657054,-0.28002205230447635,2.333526600047487,-0.5860702031068706,-1.5339688443044894,-0.13071926675617376,0.1550049098554878,-0.6508020004475991,0.5564416615819313,0.5735855973794648
1.8899054140186513,1.1000153112869162,8.136542134527271e-05,0.4406632753874091,0.643271345551557,1.0214763820972026,-0.6398335405252552,0.05315437211345519,0.6543733070020324,0.8206731960402918,-0.1003055019216835
0.8369204561107131,1.029768820030074,-0.6617168018679618,-0.08003131012249252,0.3646864731862033,0.4886998759959319,-0.7241494654873706,0.1773773710642306,0.0727266624839972,0.5080805053342521,-0.0738995092472088
0.6973737890841135,1.6887550590913967,-0.8152126579844362,-0.2300525471476982,-0.2423558837738783,1.5918934362787693,0.11015346408569487,-0.825004127436182,-1.0887344010437505,0.4882954780334162,-0.2796586527371836
-0.7419675492387932,-0.11698715279093343,1.0000000000000002,-0.6924283304773395,0.42552042335362755,-0.3752152942320222,-0.6864606815711993,-0.2272988142871643,-0.8791423034558595,-0.7559671212349459,-0.0499048992865066
0.7555765357876754,1.0342297794620527,-0.07845400169252001,-0.03283150256555931,0.3217073735285765,-0.6683650602908641,0.9544404482968855,-0.9538665233471033,-0.5635422300194592,-0.766382830931547,-0.0359805559972341
-2.819676790905,-0.3402486991932658,-0.9141372288489121,-0.4808411658673746,-1.0409679401223748,0.16009724577257542,-1.3270558632991276,-0.6009528267995228,1.3316589551323956,0.4653513642265791,0.2358846369829398
0.12395711881961707,1.3744769139024327,-0.3666894275447838,1.874620581629763,-0.38557975423236696,-0.5821334949234767,0.009762218357835984,-0.47169468306832885,-1.165013569560818,0.29511653273263766,0.4138705499070839
-0.4909589841504019,0.7183803904721155,0.7173632903562671,0.5426803460585489,1.7607234249491235,1.4064847460340852,0.582775477728783,-0.9783702087397708,-0.42212911951311133,0.260187727300037,0.2233121810632726
0.5652150493134697,-1.4681021509974506,0.20531935166766577,0.8514247382943885,0.5539037136465417,1.1637637534982241,-0.3349891761148815,-0.047676236170582975,0.30251742487327876,-0.10251064157942874,0.2259748503317292
1.9483791011362641,-1.1405601105192762,-0.8116407466241083,0.22958737741063462,0.14915683700018129,-0.03322025020848978,-0.48092343656396047,5.600315837926478,-1.5650861065938642,-0.5622075233077584,0.083926591142878
0.5946814629205931,-0.34630284293805885,0.8204777387309563,1.290732129594194,1.9495180309540103,-0.8107061341668311,-1.1502869338363229,-0.9307286722096613,-1.0370886627062157,-0.46950333775811026,0.3527025671351614
0.7147656923640293,-0.17846983969184785,-0.009222528026035345,-0.48592895014696996,-0.05152592927349345,-1.1798776400094175,0.299365741726153,-0.15923685937545642,0.06611459272644982,0.02855578345126869,-0.0288008017213727
-0.19627139710810595,-0.8103104181976112,-0.6686048522784163,-0.16315261009045207,3.069878297650112,1.107165224931621,-0.9024738338509057,-0.9363366157668841,1.0136506784203017,0.28295202407748493,-0.1070401841748773
0.6363003721560658,0.006357505925172218,0.9276972440285359,1.0448491749839661,1.0433532200757856,-1.299349912967174,0.23104492996472617,-0.9467856803948175,-0.962614514319629,0.13572534988381862,0.2443420407142432
0.7549109273169334,0.17680231914334432,-0.6610838456935799,-0.04722627734241254,-0.2453777539645172,-0.48952531403288235,-1.0329458661660322,1.669427199346584,0.5973070956837603,-0.7192039218228093,-0.0481231316305773
-1.3486231399887019,-0.9381723955558304,-0.5096111779323163,-1.3918228238087362,-0.7373354578128282,1.5183301880289208,-1.0541583102649827,-0.7570125394516559,0.3591672057513948,-0.7322521148026837,-0.061828236086999
-0.027128559721362123,0.5091736060320637,-0.704697504360664,0.6186079581028857,-0.8850776515385496,-0.6919409130079881,-0.46417468284968616,-0.8991411286086668,-0.31882169118560383,-0.12075865723295769,0.0654995768376592
0.2699793270629644,0.22681566779501824,0.8492451741171437,-1.0455587025197532,-1.3143585278474814,-0.6673392234564782,1.341232150475371,0.7928293296946044,-0.4313433683288184,0.23209577941370982,0.0720763167686766
0.2222385917966206,1.2664447691674794,-0.5920334619178126,1.5313651076094723,-0.6609906606730219,1.22251942393608,0.9335804424950375,-0.3260335788320751,0.28537821327058077,-0.04681529289463302,0.2285868023013211
0.33821583381831233,-0.4482235962426023,0.8794539270425927,0.5197550837682303,-0.15990403372635367,0.9797699940110955,-1.1854448170600536,-0.8733278377407755,0.4189162045146076,0.11820931190714751,0.2045107340047166
0.7496687799382953,0.9267407597633319,-0.8137215227626339,0.9139254101200524,1.0489322215359644,0.5783432062442467,0.8168456048089936,0.8731373464049881,-0.8431317058916116,0.39155354732546793,0.1187364927902953
-0.24410009713884342,0.9310502901539516,-0.8031056456621413,0.037801939942591636,0.19907375129252827,-0.053870433312865625,0.41396428070841357,-0.9626427530530167,1.1139277703324135,-0.4445425435423276,0.0970808805158396
-1.524756711289764,1.8192065870932175,-0.24757977544330487,1.8785650700353844,0.9555989420709353,-0.05746970884453675,0.7232713310687371,-0.04129889241364261,0.02122449104081266,-0.5426968851457742,0.4075793958872437
-1.7597324616315118,-0.6531372413013655,0.4122108250076012,-0.02741117283457327,-0.760476027060234,1.3413088754356302,-0.6343457903577179,2.440783959742643,0.2619954945483019,-0.49230925366465106,0.0419618969401762
2.416540370280798,-1.0917414339759843,0.8251278973556183,-1.7878925068555878,0.09651779631815416,1.5979046023543408,-0.3894860260219173,-0.917973690932353,1.2309666707697748,-0.030374548569960746,-0.2774276200991429
-0.4565719995214432,0.5180877245681644,0.5299527542485957,-0.30164280950474703,-0.3514940462179171,-0.4466822723280688,1.7324398336382067,-0.6033722543433224,1.042803657736508,-0.5994096795783089,-0.1096466568868997
0.42341111749204063,1.4822296419873782,-0.5860910557393494,0.24249585379448427,-0.17885042886191135,-1.3031764162527901,1.1399095622392286,-0.3375311615258325,-1.0087568539003056,0.8696547221938404,-0.0249182632304982
0.27776600080692543,-0.23651685180543422,-0.25126898197365927,1.0902062309963207,-0.755233517998211,-1.6992173557408448,-0.6389972408090026,-0.9675925636231475,1.5724522678712436,0.5763525116972296,0.3677981203301184
0.45449614929169696,0.8411571357338266,0.9083447105300417,-0.8875398221341486,1.0745820313127332,-0.6128391414665887,-2.1456679691931413,-0.24742782124943435,-0.5120575299291857,-0.7001858300110912,-0.1240219471045382
-0.4339490515387507,-0.5281016536786011,-0.1351823117410508,0.7600375610974391,-1.3181990954796243,0.6467700302142878,-1.8714059627536797,-0.19199727098424985,0.7240510486081907,0.245395956201159,0.1306823016526017
-0.07992935416581579,-0.14524797217501037,-0.03723928655133392,1.5654031778938453,-0.7666180276876969,-0.01188150627569778,-1.0572104219348968,0.7204078404392534,0.12016559702818931,0.7680569124837942,0.4765997620936847
0.1643421956832341,-0.13186658950044922,-0.48505339799791747,1.3445502826365994,-0.07191974616464214,-0.7083404729669522,0.9680274856039068,-0.9830467151844755,1.2641313714773033,-0.8512235488164024,0.3652550433364785
0.2383256644723823,-0.0249100947322263,-0.8440335705988363,0.2413310330693645,1.5564410526050243,-1.3848791333238926,-0.7787432563638625,-0.038656954818566444,1.2939745568060863,0.1668633756342979,0.1205188859869931
-2.3505275207930327,-0.0890388049842894,0.627001688050238,1.566281271624625,0.755071315897565,-0.6085472305923932,-0.049955503341809815,-0.6407475149912247,0.12655792535380572,-0.7555846982155978,0.4218758231949355
-0.4343151916671456,-0.42493752290899645,0.10094453088692752,-1.3234870020749834,-0.3411684994351941,1.058889166766895,-1.5804054964652754,-0.39973423971234767,0.8410164772484794,0.6876183821164193,0.3648857082066647
0.19129720168691072,0.06518631343773196,-0.7574366183637566,0.8469854702576846,0.9169067671714288,0.846685666905769,0.7195095419924662,-0.8594447882513723,-1.2819218496424656,-0.5665903550724227,0.2812914414156378
0.0047672443740329465,2.228693126022598,-0.21188073855606102,0.9399402571374275,0.6864193689755007,-0.0727838860902071,0.24873025809602173,-0.9622873125770195,1.6580904043142273,-0.16251734852926128,0.277012568990398
0.497586385544207,-0.49743517375849355,0.7013063383977948,0.03685396855175347,0.42052617344427934,-0.9473058710149685,-0.9958670483788925,-0.3975903779407546,1.0203073592097494,0.3341055848375616,0.4014410320341836
2.147734796451718,1.5883187030548098,0.5382509988814701,-0.439992342556651,-0.3350917047277445,0.731234309721361,-0.7717223758352132,-0.6272764582831318,0.13827208839887695,0.1201526056273266,-0.2020445489234996
0.39413170959212884,1.118878953574147,0.4580800155995336,-0.161264597696011,1.386479728821834,-0.758959888337727,0.6799931465289115,-0.9808079461813339,-0.3800116776483048,-0.509339351448853,-0.0651229932969596
-0.16931333705079604,-0.24949647008284612,0.49933535355270264,0.443529291053337,0.15039916259691458,0.8103658146660967,0.49754995625215337,0.6806456038303715,-1.1381221586130958,-0.5563572276778473,0.0925246323759974
-0.8112851051856708,0.3697171884515529,0.6384599060747802,0.8445195903744656,0.6755279783968046,1.3994708507047369,-0.9982570199046019,-0.5772237392151909,1.1236877376150096,0.7063432748035228,0.0445380780903348
-0.7500821271816908,-0.8799402525862342,0.6443856650052946,0.6197339202669475,-0.6889585803970822,-1.5956437643924266,0.41771855742469227,0.3468206109138083,0.4905846547224475,0.7478284447201226,0.2524179687066613
0.2804120293857903,-0.8219315396390046,0.4324580578622351,-0.8869617120980371,0.7693418401135911,-0.8217232825153608,0.6533698836062043,-0.21811711194279526,-1.157258355208588,0.5810936226425861,0.1222447266660478
-1.2293394859168043,-1.2842950730438856,0.7000612640495661,-0.14326940335998878,0.24897803453822115,-0.9083211932707945,-0.23420187357756983,0.5049965655539653,1.0350137297186164,0.03469947508603806,0.5129626945061543
-0.3481206710200332,-0.41848002171516896,0.6240751931385812,1.3925065233701082,0.5575559215840414,-1.4619727374032663,-0.6188213140438071,0.11852930344313253,-0.8637779907646665,0.40186543362635246,0.622107534382819
0.4622563628909793,0.9311447249930866,-0.666410436935895,1.3043461160432297,1.6127156428549503,-1.1646972957606643,-1.279404494132692,1.2970487915590583,-0.8408608857460772,-0.7002515959407801,0.2150400762904168
1.1546268386511787,1.562237204618321,0.8889393776419661,0.376907937069561,0.5150391862669024,-0.2349798394583592,0.18793187653404655,0.33770437916666335,1.164435001492513,-0.15894301195789814,0.0753610213563879
1.2698598684007893,0.8262616082925908,-0.704645519080888,-0.9517746776231749,-0.640440992844177,1.410740289801659,-1.4075658519892564,0.3687888130479151,-0.23023648215354833,-0.4754100981464877,-0.3542889347379266
0.45064167005814326,0.8349302200660333,0.10660488888507053,2.2600535617562545,0.26198139805552934,-1.5463044870753815,0.19876760935569537,-0.3919630101914294,-0.9927962440503729,-0.4913125307258672,0.5993021425093983
-0.29038755498648944,-1.1264207716212362,0.1503232171382145,-1.4394648206977165,-0.7488492329973612,1.139180917576682,1.7730347684070134,-0.1751167698771222,-0.22948647565382088,0.6390009809116134,-0.1572289180070999
-2.099573626294557,-0.028165921032139163,-0.6529652532681415,-0.09860493921594948,-0.6595965689275413,-0.8183018651477665,-2.102989190679403,-0.6376485247843269,0.6137605663558752,-0.7673802893035611,0.1167386739848798
1.2446435800839333,-1.175323331180648,0.6832173377312195,2.290746312063218,-1.2728876723844649,1.214230738466154,1.8480104666905743,-0.48836517961017756,-0.6531113755798799,0.06074851778365563,0.9025848128085844
-1.5905425608088415,1.0532359138824194,0.776775720781709,0.708692305433864,-1.100397107269023,0.8650629844487518,-1.1923022211754701,-0.2029617640222592,-0.15708074512820525,0.2959079226326657,0.001959625636376
0.8169355828436241,0.10444084674327678,0.9874517541415313,-0.47513301343879416,-0.5596043069579706,-0.7585181315664346,0.06069540000075689,-0.9469829394394882,-0.08490255189349688,0.0918792756642671,-0.0605591460948453
0.2106475019722208,0.16880942452790682,-0.45297460394147204,1.3889448103215631,1.0200698563040371,-1.5157451790462577,1.5129069598534748,-0.3941943314876378,0.7529685256685759,0.6878158428746357,0.3577097326768375
-1.1411308488461789,0.3622811484631752,-0.5069613221560764,0.993129620806338,-0.18681836149388814,0.14511762669106695,-1.6100971354899414,-0.2730870972413086,-0.9763720456131764,-0.7202576959945975,0.2289613993606103
-1.041608718373521,0.6608783860744188,-0.7564506837418774,0.7454715530815365,-0.14845386540972746,-1.4368006471683261,0.6197196498055078,0.08683297466337785,0.5231581674430217,0.8316565197200099,0.370558991069448
1.9685173513486505,-1.7040743577583595,-0.426220374247991,0.09220783273920945,-1.1565793985600268,1.0912387570016997,-0.40986540151289064,-0.5601024836368682,0.024622541209666064,-0.5354312984546028,0.0501990314461257
0.8690290229651848,0.7782086235915792,-0.4169135126890623,1.3653099344583635,0.010550118945110482,-1.6534725539852013,2.035677307518279,-0.9169508351377097,0.0434561511939373,0.5696299102423985,0.2436032062473844
0.9059396908037172,-0.7687492463732428,0.9841932310805237,0.4863833591349577,0.5874437147348008,0.6098148705411222,1.7154035460051573,0.784815958470354,0.808255679868067,0.7646896804887907,0.2485507555642671
-0.967648821308842,-0.19147082984066918,0.9654641544396937,-1.4050074991685855,-0.9327156760313483,-1.0870290013637585,-1.3008739751682525,1.5257221792590103,1.5129766745370468,0.181126948061687,-0.0755349248635091
1.6558576823400113,-0.32030498240935135,-0.6634768277577456,0.1091199162516609,1.9122458312259623,1.627628216680684,-0.6996334282914497,-0.7507766788949317,1.0156198763327862,-0.7034881177882157,0.3492053712425515
-0.6070453799714158,1.5267147428621508,0.8092156156951168,1.4405380014297116,-1.535678464009531,0.34244784888880914,-0.6264446367288866,-0.8225348184258179,0.31357892969615825,0.4291006838489327,0.3166239477837765
0.35631070316566377,-0.770786529923239,-0.19917248377225433,-0.19032343400466892,-1.0249297011105782,1.5471205446819478,-1.1496252731523338,-0.9767690587867434,0.1705829528097244,-0.48895392316391195,0.0004528627728503
1.2054440877448862,-0.5976720178246664,0.4129051977853505,-0.31279163235088053,-0.30099170594567193,-0.42760941325473617,-0.30875466179097366,-0.38738098134084775,0.3523003141455013,-0.32942936477963125,0.6323299282793658
0.27690628768069675,-0.2728574145277053,0.46027940478651985,-0.04564556769150633,1.2171806454104923,-1.135732783710975,0.26131276821257965,0.9277044545203882,0.43967633489411867,0.8821059004968449,0.0965535436945218
1.0174771660248656,-0.2081142249246333,-0.8116158274723547,-0.4521666609131998,1.460328695784645,1.4320040769718394,0.3791046879567539,0.12279425252561908,1.5195990258719325,-0.5272250543899134,-0.2242105170110852
-0.3096938965054014,1.5092312776123624,0.8877919317052565,1.547604638229712,0.2743681983591245,0.28527910209094376,-1.2986932089182452,0.8637919523398442,-0.9520376221069843,0.6570049560533815,0.4082382274441643
1.0211014242512355,0.7724402565692112,-0.4321312429988508,0.8508419331554083,-0.6841324528275025,0.07522715886522795,0.7468574849639992,5.426281656247179,-2.016096033108436,0.43671826974529704,0.1132830171459532
-1.5328215653453925,-0.6596388417747003,-0.25595616364489754,-0.28333398254713565,2.0698958131056435,1.1988503541016233,-0.5538095408085324,0.8250543591611684,1.336920703710271,0.8882187106700811,-0.097811858720488
2.329492679381121,-0.5636226237630653,0.48298232599325863,-0.25492793477453873,-0.10504908352050728,0.39081036737822206,-0.3121958773629859,-0.6192935008390519,-0.2295229013996885,0.08193823612340936,-0.0268615640325275
-0.3070469759521207,-0.2646018205411882,0.25034560652267457,0.7838305706071376,-0.6138171844907298,-1.2383015215774633,1.1651242113981788,0.15378149979442174,-0.029409946600123107,-0.17524014705077445,0.175298962060426
0.40553005761811817,-1.5148804799393354,-0.9031455657221545,-1.046010160434802,1.3792501736039597,-1.2541716440388602,0.8479860670313687,-0.6602602713247883,-1.068211930006267,0.3686061571213644,0.0277839146089658
-0.3440617474715546,-0.23015697883181646,-0.5941200668465876,1.1411982679457342,-0.5966390276484119,0.31344282471910784,0.6221832864049072,-0.056692794333595115,1.4431656347158768,0.12020924263543872,0.3704902231730849
1.5624436648352484,0.9921082181985953,0.7693132582844459,1.1273745025969784,-0.904928193423792,-1.045879835094205,0.5222219325463678,-0.38268316429170124,-0.6970597975818001,0.6110267216461645,0.2920017225905595
-1.1132109258967071,0.3873984833720759,0.11978427394727416,1.3708450245987287,-0.985589454795441,-0.423555562745401,-1.025523210385536,0.372516561759075,0.615359828212099,0.4008543443237626,0.330768259660485
-0.9602173040549112,1.5765093307367684,0.6221537789534496,-0.6548170358549875,-0.9073125946516009,1.2072177858328816,0.9789572284840846,-0.7884801668093245,1.30695230065426,0.2396630060318996,-0.3253279695811139
-0.7572653500751276,-1.0539677381571777,0.5272381475853777,1.5065141533983528,0.17827673966189148,0.2084030309091735,-1.9717686334069127,0.19243705856736112,0.3858265527116993,-0.2445078992317572,0.6842950085394158
-0.07536376136533256,-0.2882434800073608,0.8971977940062876,0.3335787506258425,-0.5673693886025396,0.9046896592851719,-2.166375128710846,-0.4583479555133717,0.8227318070030712,0.7474045143069835,0.1318634768854381
-0.32446233959967713,0.15165839425675862,0.6336793258941407,0.7604779740235276,-0.32672443648560784,1.1131962002138298,0.41887017898728046,-0.35757895742736945,-0.9507826412787717,0.13264143500510053,0.0602267030154816
-0.8465050854153994,1.6498283359437438,0.9651137296490522,-1.2520625450489813,-0.46557589708115615,1.3908158374457062,0.2145670485319522,0.14824635871196729,1.780268632246211,-0.8119721271489201,-0.3340409898450442
0.5843451223587411,0.10115290235219745,0.588995114310681,0.5293635879642009,-0.3176904565250258,1.1524130217416402,-0.4336904473269585,1.5366651010901435,-1.4993521537755274,0.0970368234232709,0.1514160599796775
-2.3194859629588747,0.0854815617797855,0.45079150013131447,1.416521873185193,-0.026237335333069482,0.5965902288674352,-0.6516272513102863,1.6623418319272243,-0.4130922369255393,-0.9914989726443589,0.3271018111025942
-0.7398666839459821,-1.0563885252941883,-0.2584927194379695,-0.7220870896659973,-0.6502748365826704,1.0850160564321063,1.6878249088890915,-0.1453759482061352,-0.8308283827520266,-0.9681099968288892,0.3675506218196539
1.0040231929410284,-0.011512950504035988,-0.33099029477198233,0.3451084348020743,-0.42633963731154034,-0.056426419205798474,-1.0086147840175512,0.22135963860295588,1.2298774505834047,-0.19760951134539714,0.2655775983236561
1.7551728280396952,-1.1797233217070304,-0.5880616014026818,0.0832951100140749,0.20773929069513136,-0.5597680508443422,-0.04434156653546634,-0.5313974121106725,0.4013648574482292,-0.5821407200789445,0.1668381588360467
0.915225049790161,-1.1942695863010215,-0.6967287392263481,0.5747558090324867,-0.145367071643185,-0.46892766855863344,-0.31449926569096215,3.5903205175488244,-2.080518249178302,-0.8362560571348944,0.3100702427719741
-0.25549850678103553,0.5594228122146124,-0.024644704009919395,-0.6838399023014958,-0.9453160827967486,1.4851615817441182,0.47088619291829775,-0.11907073534405901,-1.0228937257920854,-0.5818926087823348,-0.0605413382244557
0.09542575565935002,0.49810920174295337,0.35426701388461207,-0.24453468101114217,-0.07003280770921133,-1.697140706726285,-0.31940824683861907,-0.6667240791167671,-0.4646195590386538,-0.21993329743709214,-0.0819294767648316
0.5554954858617004,-0.3725534955523907,0.16382413054829081,-0.08752677785475797,-0.9425495130197316,-0.24336536601790512,0.8261404189913104,1.3394828358987687,0.27846993586056606,0.9260706751309182,0.1293860549397765
1.8868066879793417,-1.476545884157959,0.9605455220194481,0.11078564049615426,-0.3836618256997917,-0.675184246748487,0.8247495827542565,-0.09037024535638724,0.31507905092943134,-0.8412119673160905,0.1357074267579457
-0.8176042047268746,-1.1308757408519632,-0.783685097745998,-0.4559619284069133,-0.16541655222275434,0.9578829007522941,-0.09846241088396976,2.2590390755289,-0.23991142121633513,0.06002951563521175,-0.0320647556731975
-0.5243346302146716,-1.0218896903915793,-0.8159240337291025,-0.34340556867346494,-0.956413265050841,-1.3353224551778031,-0.8170225026046658,0.6089643950418135,0.30777849152363995,-0.7847355331680691,0.2736943116708684
-2.2250522595801367,-1.275673047896469,-0.8011015022827063,0.11462117787837485,0.565034519239728,-0.3162714049247529,1.0746856542720638,0.10274194901194714,0.22029951799887962,0.023765608872658973,0.2131050290539916
0.2225595209246433,0.16458398920826942,0.9320431705067939,-1.0161952822066316,-1.1432805826264512,1.4914419392188438,1.9080727839917058,-0.18157755224788716,0.9710704454198102,-0.448910725416898,-0.0958728882098661
-0.3986424797142538,2.5287507371295406,0.1463733220001008,-0.030747228978735667,-0.8366957023106795,-0.9091027950995227,0.7291128219033615,0.6811865102409751,-1.1534450887978958,0.8204341627233485,-0.2369092683660994
1.7388260703338811,0.2944075803289081,0.33503281922767747,0.022201160447838014,0.0017181282070285377,-0.7207286585873312,2.848792857769465,1.7865282784060934,1.5017635095559938,0.33674180399287806,0.0093760944522439
0.31711495901985953,0.6952615196520474,-0.13559314617167334,-1.7668643857957578,0.6098315059440006,-1.533255209555678,-0.7223661058875094,1.792637573655726,-1.1816508245252564,0.5705970361532398,-0.0114469684655931
0.8740298892376227,-0.6430445532767707,-0.8697069191632624,0.9657449022352019,1.2694405879346133,-0.9971483372938129,0.5851605594718023,-0.9548888166683369,-1.3693821108530382,0.3386392991445603,0.6614664520681607
1.0346192750155137,1.2102684527888485,0.28471349875417434,0.8548017779306659,1.2321168085600145,0.9957186267727062,1.4116384069424999,-0.9607298472058909,0.9546992329208931,0.8470825138020861,0.1408630381888205
-2.14508589741637,-0.2629821670034496,0.6679126141886407,-0.4119560142500127,-0.883790143806019,-0.7040416458637426,-1.19381968081325,0.14910646731518704,0.42665291332710475,-0.8691559257647603,-0.0650204447115152
-1.0494864653663158,-0.11110654425238298,-0.6673697789670188,-0.8727918674385774,-0.36892616509169224,-1.3569365933843314,-1.4988824802158554,-0.4797485489529956,-0.44721703436704435,-0.04035010703353517,-0.0081522901848547
-0.36422751076490584,-0.7402677968577024,-0.8462508538435167,-0.5720096345659155,0.16042373853161826,-0.11381300232644975,1.2129225424520993,-0.5414987029441981,0.8115635050420058,-0.13871904641161054,0.008583308476633
-0.5922444544592106,1.5757575570468074,-0.16041117545113823,-0.16060307100523716,-0.5183985989398138,-1.2779241304873972,-0.8791898030864141,0.30851430612281094,0.9095900591296004,0.8478281730883859,-0.0793522060960545
-0.19880969357018885,-0.8593496340503449,0.5310168372137549,-1.6200470631353288,-0.8704421617771291,-1.5797791633175415,0.19777203121139617,-0.697157791339329,1.2600148884931508,0.1955529472526265,-0.1511031596214982
-0.9137212989185297,0.055890274811521305,-0.6768736059595447,0.5212524554337868,-0.9508573500182635,-0.6936989284739601,-0.23348057823091176,-0.7730507684666381,1.0845419867204291,0.3311912169186995,0.2383779853820321
0.34655553026277,0.1903574398596285,-0.8754290634702249,1.7292912508681364,0.8501316249302262,0.836517930965342,-1.0346471739930447,-0.050139042675144414,-1.5308305224593364,-0.33329046464471157,0.4824268994762712
0.050529360686343665,-0.05194263726296279,0.876036148558811,0.36524961550676327,-0.8369651820324128,-1.3666407078479081,0.6608631577372066,-0.5419746017587497,0.45235294250602837,0.42215354345029626,0.1187101705896832
-1.2139688787578276,0.6279000986786781,-0.8600844090712474,-1.8848068070094612,2.036696595440472,-0.2122751038145836,-0.9298017406005882,0.32013701358807467,0.6213142690740303,0.12305078597984703,-0.2616620930709878
-1.1678132840992799,2.4239474781126975,-0.9883789241704684,-0.09152398827038992,0.41811267376903133,-1.3867072737567596,0.7663543544653115,-0.113927401593743,-0.5416790405315686,0.05524770712177226,-0.2055237916351024
0.48227999340659833,-0.7686141544704147,-0.054502337889653994,2.1394905170971046,-0.6102647042924357,-1.0667652335160305,0.44872588521623297,0.006724188262638545,-0.731680056688266,-0.34968353192585616,0.711602805045017
-0.5161856208940819,-0.6580909459018351,-0.5219427687147308,0.43968406269557386,1.5944251995931178,1.459913096545359,-1.558119232328689,0.43405434059232056,-0.538459255807539,0.3498913882685837,-0.0571785606712484
-0.6696529739665282,-1.7119261537778765,-0.8437385540570327,-1.009688857997339,-0.8994946997707536,-0.12269089750700517,0.4088457804718922,2.6190953626402176,0.13661303258166502,-0.9717486017635889,0.0643171494904607
-0.6307866003630367,0.6203859692006463,-0.7960007045366755,0.5538463017905864,-0.19917252438841146,-1.4406619723588105,0.7920188319008554,-0.09326139577755947,1.1182359992098376,0.41153225058362547,0.1281700138475264
-0.1870145621635749,-0.04976694776535492,-0.5448743528527445,-0.06314568094469752,-0.032900386508367546,1.0480227684674865,-1.255550024127725,1.4035951163661704,1.945016071190393,-0.1851660107607231,0.0735315730730648
0.986626477783758,0.5094931405459789,0.6776987997037431,0.6878063187448338,-0.7421288655737778,-1.7311813579716748,-1.4993764444248812,-0.5730314150339458,1.7620895857824146,-0.408726822577162,0.3676506759330025
0.6154510745767204,-0.19333979434686593,-0.8400505969211529,-0.7284587115357716,-0.0824973296254923,-0.9280744504507008,-0.521477129230329,-0.7614884627518226,0.9097510638497704,-0.3283045432088543,0.0420123882079994
-1.768695821976605,-1.6963969780550636,0.6597604124860871,-0.7364042189791588,-0.18243052407899654,-1.1490454374510481,-0.7988339388428418,0.7631980676905413,-0.6594374735528548,-0.7313412148777695,0.0832496707656049
1.9213081910129644,1.443753923931813,-0.401152845575371,-1.197910112060364,-0.849568627660802,-0.5440562375947536,-0.29485222271026806,3.8431618668979644,-0.9393237708430449,0.022923921161632402,-0.3030414812335724
0.8414515746590887,0.3928029237451857,0.2047914613584972,-0.46939047341611656,-0.08601148815052176,-0.5411636028746886,1.034211216372372,-0.39424160492893207,1.0198549486321997,0.7640192451326566,0.0402365378580825
-0.17058774399658444,-0.27770600529328854,0.9363428845729408,0.579230760231143,1.3416827047523716,0.18951900546502365,-0.830535285031213,-0.47036682956285275,-1.6490234700890511,-0.6082675821448771,0.1486132594948078
-0.7498635062321242,-1.4597776084767247,-0.7552892312423143,-0.26884781309245775,-0.09966310090898049,0.9847599512978573,-0.49413063660575407,0.05706607699219573,-0.4378269899154247,-0.40464077225200606,0.0500715220903894
-0.6882270294988972,-1.0743023737605772,-0.7396558844302418,-0.9283448348961907,1.3915971893896038,-1.1807965557485822,-0.3377018438864337,-0.5593893856458554,0.7552905334462608,0.6067658904504502,0.2539469212088592
1.0982966384101749,-0.5332413731844787,-0.15828333751893867,0.10690990482826869,0.46934180636866707,0.024581186492299182,0.5053028997373299,-0.5923128781357136,0.24006950691524537,-0.5285760371158613,0.2306306801121237
1.5156623530364475,0.9562645950307351,-0.4895476939737105,0.615718160121313,-0.7087994934069927,0.74636284855566,-2.1280534244518945,0.12911433631094668,1.9509314015709143,-0.3436731997735846,-0.0078429483101108
2.26486096125599,-1.6923616802340156,0.24962786212273907,1.7991053341754197,0.27857628888096675,-0.5619434317137527,-1.4647546682558281,-0.9852900160425823,-0.1771484129450183,-0.07438444299129557,0.5711767375010712
1.6208291721611714,-0.2832891395145839,0.9655534249671239,-1.9822805360342708,-0.6258775390849429,-0.11110517074908983,-1.4876188762114895,-0.8985990528009131,-0.22173828166203616,-0.06731757430336736,-0.2242455870460024
-0.8151148305176958,0.5878770903162293,-0.9253103011745047,-0.3027125707549348,0.5802496664077732,-1.6357869581331925,-0.7290146391542324,-0.14954066728074028,0.4695703338254426,0.13828041824320972,-0.1079765407763779
-1.3629280218078514,-0.02975453634732665,-0.06160444427145556,-1.0796946099971143,0.6192382634750873,0.09027565517860242,-0.818504109902857,0.9665161744006667,-1.1220588289335252,0.924331740538118,-0.0067557991784649
-0.6165319688693022,-1.2476850676935327,0.5085623137146431,0.11749492731478693,0.7856046676109579,0.9478018321646356,0.7261609883205787,1.7041325392791684,1.4858883736208306,0.04444597922816017,0.0421851861380207
-0.7800704183564919,-0.19999159940198488,0.01361879825768623,0.45483601188418504,0.37400888870979687,0.8866753030339739,0.013104651602258776,-0.37569119594820677,-1.1123084509886494,0.30711381330354165,0.0006214555245938
-0.6815986226713495,-2.104278417374112,-0.43571773502364197,-0.3982029318473473,0.3798408088383815,-0.0916315136343175,-1.3249361284353856,-0.6550305633124242,-0.36622889676546155,-0.07316275094603071,0.0877502308918115
0.6519876174150866,1.227289986422313,-0.24218578505389654,0.5046434857265691,-0.47874507233470354,1.2554793904736354,1.7513078113989076,-0.3911505251560659,0.8716844265870797,-0.37440576456453706,-0.0848163619101009
-2.107953792150944,-0.537708998671412,0.8382034368885787,-0.33414083302150865,0.4660221014541521,-0.42346497931809735,0.2569234730749038,-0.6133322952100062,-1.4184502312731846,-0.7448551497204643,0.0414974013180689
0.1468245433370064,1.6164098305588952,0.4640798598540882,0.7606548327836326,-1.0428412140264087,-1.4658994518705804,0.4674637173152071,0.057532416412802635,-1.2236692009862113,-0.12056107953763151,0.1093955516483855
1.0152572299597837,0.7192702604491189,-0.774089308655053,0.04723618091658978,-0.1400539498963516,0.9426753939481652,-0.08691089144154751,-0.45452581030414774,1.4189889327764504,-0.8802954895876413,-0.11345220369331
0.1755654353293488,-1.1727637294702595,-0.2282385922573669,0.06873516663272737,-0.1810729430261058,-1.370324491294493,-0.6465215265080334,-0.13504673272382267,-1.6244670330734334,-0.01660309083344801,0.1371689563636381
-0.57346839453577,-0.5226986042035487,-0.1631476565147208,-1.492618936146407,1.2018391607009422,0.7866911632517988,1.2196016246056374,2.1173397921297963,-0.4913455545914563,-0.43402373721544,-0.0757871875571523
0.016097889452075655,-0.09318172557162822,0.5408683232482394,0.5744916656154812,4.038528892006412,-0.21434581538719624,0.6259202509044329,-0.9222095663672957,-0.43012198644751526,-0.7984406490424967,0.2216333442483075
1.2141194283070484,1.966022673168522,0.23044495134226076,-1.279163025087566,0.8405618742248299,-1.1264003171932222,-1.3350482954012914,1.152490935743389,0.7728215295580717,-0.1750620145217433,0.06691725549732
0.16787117028329585,-3.2785500433858736,0.37539869137744314,0.6758682066854078,-0.09668683179391921,0.7056953930754186,0.8587193414936162,2.1115023185533808,0.9083612484479459,0.05293488071412022,0.4008359770921961
-0.6800014864558266,-0.47155568259152875,0.3460948167192324,-0.04344786430350265,0.5673660580491713,1.5892502690055925,0.3807658303573727,0.25605738172580456,0.37694340670873794,-0.1760538276647475,0.0258459550534113
1.9124924811027704,1.6921540061886196,0.3956279706000708,-0.42179596857430873,1.646604759972543,1.3503162459825,0.6308887493837898,1.4454113840439646,-0.36888257229132115,0.3608832889875526,-0.2478980726265333
0.0623802575961225,0.26790691087102764,0.16809878862733443,-0.8793521487033827,1.4387474679421801,1.0698580144797813,-0.20386727776662136,-0.6389427144866726,1.7420686531653464,0.7850681663909064,-0.0754474438467433
0.5971723462798048,-0.9195066722821128,0.6920710357609705,-1.8940679130008684,-0.25213683616214067,1.2445827191150012,1.7333887972415793,-0.8144129012781782,1.1173883309572903,0.5065622633845749,-0.1559172725013302
2.1901493979017204,1.4166900780476879,0.6009197881718736,0.5513067449739998,-0.9614954654390026,-0.11154869963186186,-0.36305300332697443,-0.45168881978778663,0.11059539851312633,-0.4401349492725533,0.0279045519539946
1.2683700625230903,-0.8222622307582299,0.013585553996598984,0.03304922604629815,-0.2524288036054777,0.049837385984975974,0.042795860378307404,-0.6952649970047134,0.3987234341942177,0.4276913577729913,0.0215215605040663
0.6225397170303939,1.1042601399440573,-0.7900824755617047,0.9238896619481437,0.27953313706904925,-0.7659343897802267,-2.311927639860199,0.581073871393669,-0.660010799266592,-0.14603188072000103,0.2601224637196452
-0.6008058672471408,0.7334820351423936,-0.7003485073633281,-0.06391343357194404,0.656199377831367,0.44944496763973846,-0.7840968251538578,-0.8019407658532947,-0.46840571803902165,0.5313409615242726,0.0809943715897203
-0.3631707411003932,1.5371680120362663,-0.9318137826832911,-0.26143762359904543,1.6026782669008506,-1.5467661506503543,1.1084794059054184,-0.44155781569433933,0.4040476167440133,0.5139575752932981,-0.1127738767861141
-0.5755525249903346,3.2710744557511524,-0.8637031765550804,-0.7471085259867557,-1.4955972182470334,0.7926118320243664,0.6384883203071502,-0.9348642029305176,-0.7189290322298284,0.5745029409613066,-0.3664616672714332
0.31916141200577725,0.2902776947209572,0.307944966812816,0.3004471279698695,-1.5478084055833976,-1.0894677355754672,-0.1065303738613799,-0.11059718332653647,0.7469578469714069,0.934271930563503,0.0456459049785103
0.9180786906488827,-1.2928516125650147,0.3562019439233929,-1.1603075135858685,0.46482902145997856,1.0927697615840475,-0.5303056270961952,1.0940813753025402,0.22109222245958454,0.13394570206274048,-0.1217507336262731
2.163186249777035,-1.338251638558903,0.6512703781454511,-0.47074344609423163,0.3235770627683042,1.158291115144719,0.015445618083934999,-0.11603367865175403,-0.09409164062437549,0.45279881982450304,-0.03943025531997
0.39106335803879333,-0.3256142615210533,-0.7544067931191837,-1.5045037445056106,-0.2871928245829198,0.7182293343726486,0.8979695245592263,-0.05065514951005955,1.214738211922623,-0.4351967193582182,-0.0757888746073836
1.3031313493913916,0.9043913388473506,-0.16923673377789916,-0.8011543652115558,-0.9496473099203314,-0.4244616985913614,-1.296073332567258,0.45780830961077346,-1.4408329161390945,0.6783202630891618,0.0709192148158032
0.01363734921602415,-1.1851610879234367,-0.9590123642799113,1.885235756865751,0.7811869829992202,1.5781578713799678,0.044684130533332825,-0.8408375738575999,-0.3001092023125346,-0.91819289843572,0.6597078932883627
0.5773632071810346,-0.9493735028689817,-0.9629806845886216,0.8533283011231823,-0.9943738415580048,1.2717439029868858,0.8628576328774628,-0.6617658596560118,-0.002499503345321607,-0.7690916260086877,0.2485591159072679
0.7500094736175299,0.7156040518613822,-0.2339018561337595,0.802990825609668,0.43012588178725153,-1.3763449783232335,-1.4933988642791372,0.24519132681166583,-0.09100824808937619,-0.43859228133622014,0.0948312302539801
0.16340962128624795,-0.5021028677964965,0.9216619123983552,-1.0757500028319742,0.6126632228423837,1.6204717627264211,-0.5095197851999821,0.5427165122386182,0.5995820948661938,-0.5277827785463536,-0.3267354346669221
0.9340408955308266,0.7135660452509148,-0.3334142922592156,0.9017296331836092,-0.0077519219354805205,0.2985213524167973,0.8841946006414425,-0.5355381206582799,0.15450854392733984,-0.47161536535713644,0.4510288546016412
-0.8335412457274004,0.7908527468876241,0.283516428295272,0.1858020861106182,2.6828998464760825,-0.15731256098593407,1.5552927269592978,2.4214474239478356,-1.5105404722955778,-0.5740082073109788,0.100662760244465
-2.6824092850425956,1.3788680741523378,0.2131518385345008,-1.0105730148502678,-0.12100844431928877,0.37975756553503887,-1.1627111144274551,-0.9236388422679953,-1.885928250633913,0.08369579130214849,-0.1590811405645804
0.048363606765481175,-0.8175822931306438,0.9035958458740642,-0.8811702028372823,0.5845418032912019,0.323678559851768,-0.194644041088868,-0.8139901118744858,0.4640377199229788,-0.6784449942657566,-0.0072209028292062
1.3571322950209423,-0.1858733282657681,0.9365160382911157,-1.0127842907815037,0.7108438871094688,-0.3144161471291402,-1.7430491627902696,-0.5521438990899388,-0.14971966254168478,0.6609141187586002,0.418528716331687
-1.2780494091098744,-0.4265894996280748,-0.20432630856094391,0.6462368391292638,-1.3144456056857747,0.5084608608363301,-1.032362993992586,1.5873803234078614,0.22009923246503232,-0.6562230335579059,0.2043421452996269
-0.11649234255248633,0.6525042614353498,0.6263172465022004,-0.24318237208489996,0.7610457001448401,-1.3255283508948792,-0.7891117986401203,-0.5120982626899038,0.40579183976374783,0.7311181227883989,-0.0230776663483234
-0.13312274352473047,-0.6889391054239254,0.5706921124173311,2.171509024492765,-1.3161210329389583,1.0210221367881913,-0.5135384469242921,-0.7237588524505304,-0.6211747789347895,-0.5458661241806765,0.5980573551441322
1.053523482768331,0.0902212856136162,-0.729486821307824,0.22563107103290325,-0.0318793074579653,-1.219528796067169,-0.18929179777031682,-0.08824689043485189,1.3786010804458915,-0.18043661627495602,0.0414443666993855
-0.30648111657336463,0.24853875740717776,-0.20413177290860438,0.5000466980045923,0.34856877245245926,0.5642085229392132,0.24008970433065174,2.5923306423111945,-1.522491763404146,-0.5511801167005048,0.0051058636129988
0.7559311367067573,0.21222296034493482,-0.8542391024560497,-1.9796959057998689,0.8703866872882335,-0.9623922281310495,0.5172881263318975,-0.9191844011950903,0.2565444921230991,0.7132361248881671,-0.2088607347793235
0.3266116897104536,1.4868102970556212,-0.5535298431059272,0.24142722735872207,-0.8547676881330349,-1.1650305379574113,0.2272389462227404,1.2221981119376768,-1.5249687987431186,-0.34287785934344245,0.129742441645154
2.027684692107451,0.27141326604069865,-0.29056225699486715,1.9379144889511775,-1.3619554111393513,0.5328843374717527,0.3417550188905607,-0.950940682930047,0.1365801443574892,0.4023289193868595,0.4520082321363048
0.27839530139075075,-0.2191348902028243,-0.19175524461403878,0.5941310393814957,0.05159576501575279,0.022664521183285245,1.096551982084643,0.253554242111338,1.151469824236463,-0.2262790989535607,0.1450858691626808
-1.5012690811963054,-2.025883899074535,0.9413333403216826,-1.1081964290454243,-0.609908241424748,-1.725461548696747,0.2722536714555525,-0.6156045957692802,-0.025648024139639528,0.5576300682238743,-0.0029750053056453
1.0618294448081433,-1.551284112577624,0.4293895472706366,-0.37820139324869156,-0.02081833534789988,0.9932381752216053,-0.3964655489377171,-0.9548535965947074,1.9610245043067371,0.611120806937263,0.0023648784177136
1.7638900893712823,-1.8883435913190632,-0.5755826129932757,-0.5100338471108282,-0.2578500571585693,0.7321480849647205,-0.7503253596945096,-0.005561353294571654,0.216241809653387,0.3900103116608544,0.2445426284113485
0.2510060880111567,0.3865019489885089,0.24642416268452308,-1.1729995584746458,-0.9638162679882069,-1.6210419705852348,-0.6330727798672565,-0.783230715166155,0.34479770065818166,-0.47486561094250235,-0.2054210219985969
0.12596655509893542,1.4770801206074524,-0.557224925493374,-1.0877535982003277,-1.2047212025942675,1.299554950436884,0.06787342179309958,0.6727015106000225,1.9080450248118397,0.44376190905007296,-0.3979683832852022
-1.5113208531848796,0.6665180869335224,0.42842521847054527,-1.3312355623764545,-0.19390675476392594,1.614617652683589,-0.37940196471986654,-0.8037892657940107,0.4982102935587762,0.3021466174983017,-0.3271926190703069
-1.211044809866263,-0.04241348131530957,-0.8979917923186685,-0.441385757557392,0.2753379803827671,1.223171886659423,0.8179674327707459,-0.5520379076297728,-1.4167258573914123,0.5654255963702367,0.0291133763326709
0.87924003551512,-0.052004558647393076,-0.5351496769703852,-1.2057443263486567,-1.286063723010756,-1.0030707741305267,-1.1784105630032733,0.4300235145337641,0.4260327427546662,0.4930801843163935,-0.194640133199511
1.3717620910176607,0.7561999389744796,0.8086519715833338,-1.4826939462187352,0.0796122916525041,0.5755117727638814,1.4324454607671746,0.8212431653842811,-0.2211314350826398,-0.7184915040905406,-0.1723314108554435
0.08322952093098424,0.08168503332861435,-0.03831167360696754,1.1418882471326388,-1.2791625450837152,-0.7046213699989157,2.3747226601586138,-0.9404558743366079,-0.55654912725919,0.5338374957410355,0.6711210096789063
0.7297252458816531,-0.15761754309058013,-0.971883934987002,-0.5146427977921627,1.321570981589347,0.9070630831040524,0.12688326225868207,-0.8283418776480084,0.35907296921403875,0.3607184650134749,-0.0785893716066829
0.7468903632557458,0.4253262676468891,-0.6420161327573758,0.9651994101179868,-1.5955217604903653,0.9936974803169415,-1.740566817253819,-0.06096482631275694,-1.8651830612418654,-0.17362878254886657,0.1975995452692974
0.5245629613821432,-0.1054099467547299,0.2673400717246173,0.6424883733557727,0.9504369259813391,1.649987189359619,0.6923652472481272,-0.1161858138542571,-1.4705047127860458,0.9140660743692223,0.0910016779526542
0.5097184197843428,-0.3808367834087636,-0.30587939805400766,0.376344250878944,-1.4582273034042417,0.680126193183837,0.6000908316229936,1.7568220530757845,1.794799556506776,-0.9157868168413772,0.1461975170440285
-0.1525205757306187,-0.011639082469712682,0.416108892785889,1.3800411993813715,0.895703826259321,1.4524775217463557,0.5795186838006615,-0.5472777809520244,1.2221223874828735,-0.4528325712394345,0.3208395850926657
1.067919827878753,-0.5979734301951373,0.48366201669289277,-0.49104443935116415,0.14101178964863642,-0.9735520745634634,-0.1260494986719826,-0.2919552912681079,0.09757880926929477,-0.16867402346977842,0.0620941116912878
0.6762581198008714,-0.8480195127087211,-0.8682569608179328,-1.4932570062003716,-0.9479158929074721,-0.5388602135881558,1.9496242416591376,-0.4463580244012837,0.3881597300305082,0.7814297865607062,0.007861616363564
0.39108225110610556,0.36783573799457214,0.38178232316592725,0.797393688025315,-0.526930613238129,0.22441652258370212,-0.9855802192748964,-0.4893796542131611,-0.1317870916982053,0.8071177332442616,0.4846137202850037
-0.06911355329903734,-0.7085708488986547,0.9545348713097845,1.503478598689317,-1.3047536338988366,-0.5319774593003371,0.2525416924277453,0.6825796792955213,0.642767918431458,0.8538646776633861,0.3923975933832391
1.311092029735269,-1.8464868818936624,0.17937188141838367,-1.299323764563038,0.05073651965820541,-1.2758100401968937,0.5679666728863426,0.09776267233621022,0.7360634891555785,0.4030331154155009,0.5050268275657392
-0.9757352802690491,-1.7609815326621272,-0.6348318154151911,-1.6255414515039515,0.364650556736057,0.36105393468335545,1.025384346528704,1.8758011606331177,1.3703074584788626,0.5463813315670797,-0.1254523497702908
0.15182769421481057,1.0730187915487004,-0.08144750261435074,0.25906906014269154,2.6171532657602024,-1.6222550049510456,-1.6535695188990973,-0.4912177712400813,-1.5638248196444247,0.04558200234418071,-0.0144903004204539
-1.0970410028490694,1.8363721103939878,-0.5229204677812773,0.6464736730988486,-0.07682089199527029,1.5223645092765798,-1.2303262651866702,-0.582566795795053,-1.5859246812582002,-0.37816415029009715,-0.0792905875522063
-1.0547157706837036,0.021050279320171172,-0.3494604252624954,0.5428866117743626,1.577609687991412,1.1961698328137358,0.690195065579542,-0.12869737198363884,1.6841970471659757,0.30139962378517104,0.4431093123622613
0.8960586597373421,0.741669497860878,-0.7688848577066245,0.14988139700699987,-0.5342904760882554,0.6045945262442737,0.24198418819044512,1.0685694881169665,0.16274278363993525,-0.7038743965120159,0.1695556162092396
0.8584868345584356,0.12879695576411526,-0.38393889769935907,-0.2133678733308088,0.9043729271742786,1.4235217851903608,-0.5417565074762002,-0.9239130966499618,0.987036419473174,-0.8116702897387924,-0.2126286018467857
-0.7223414851272507,0.5195869848198446,-0.7485422046027596,0.16425813831555863,-0.39917666322836404,0.6658979344880396,0.8982401824272509,-0.5640045753979019,1.3378854157945574,0.3150467942793858,-0.0072469167244487
-0.44245297600387534,-0.2324276992078445,0.1683069196914979,-0.2329160350086824,-0.1609071954331988,-0.9105389129914232,-0.5710974032847322,-0.5055074106764351,-0.48724662974181543,0.7582193373699078,0.0149149514130577
0.18953418850768616,1.8523836972458039,0.4007895467852851,-0.14665186941270136,-1.1439558250938229,-1.1759911184970462,-0.6423707186530327,-0.7139413287751578,0.37389307333101357,-0.8624259049387984,-0.0605795713895457
-1.3525917240516918,1.1550212236308592,-0.699636444961429,-0.871392055780485,-0.9700975098206118,0.016330138335666728,-0.08521949560837719,-0.4404476656401077,1.9161343202281382,-0.5296702259067346,-0.2553668573562082
-0.6920704025260849,-1.372805937546618,0.8280026180633833,2.605505068533625,4.828819097374707,-1.7183651329867409,-0.909461612477959,-0.5800593611712379,0.072511227917573,-0.5938490730657233,1.1329390287631027
0.06504151130451476,0.2745770993889196,0.756465126312091,1.003766777689872,-0.5934796948171718,0.20044483818376826,-0.35461166245688713,-0.8393949053542871,0.19658135348190448,-0.39539582670619244,0.4337712172245821
-0.8440436941676677,-0.39709603131332616,-0.33576002672597444,1.566955968334466,-1.4300324245412173,0.39216819042534407,-0.45863210749963196,-0.7810856915047844,-1.6681899041218946,0.8089179169301428,0.3772074447655281
-0.839305443029517,-0.3314418407425915,-0.32481349095557277,-0.5648478427966693,-0.10276449932113509,-1.4119954908469252,0.48563012674816497,-0.5185989563283836,0.02888993383742034,0.41311927521502073,-0.0748001148352996
0.8327211160509919,1.6982821296449788,0.5948788602478979,-0.40545829761958024,0.2874698478164449,1.5538057916928987,-1.566382935077784,0.5823053158635959,0.44000394917960556,-0.06782239183142821,-0.353370416979731
0.5042096332912919,-0.43200369237810454,-0.4592472329276168,-0.20619575588563221,1.0888607839738507,0.5520449882849761,-0.559003611036928,0.8820121688078372,-2.068086901773898,0.560517421821698,0.0308242941876678
0.17197296888807181,-0.03299103576120032,0.529096482124707,-0.0023369415195910303,-1.433946547346343,0.5962563491469218,-0.5291750536696946,0.9818755738518649,0.21701219163905391,-0.448695741873863,0.2979436119405402
-1.0869973245021196,1.3217574825178564,0.6511794625568651,0.0955927863203077,-0.4021077433829578,-0.4501003943856846,-0.2599573602504273,-0.547685986039539,-0.6970377383415943,-0.8787153590794181,-0.0293563166712013
0.4567737964368749,-1.0518835729033558,-0.4073130531135696,0.037191455342386305,-0.6503806785830412,-0.10561280966323268,0.3549683225515358,2.4869869836401435,-1.149147620849569,-0.6877366893225931,0.100846331667726
1.4578425651318612,-1.2856400929639626,0.580041009463425,0.7440330574131351,-1.5300297341833469,1.301493213562576,1.2814503004109885,-0.6147969524820663,-0.09702749952381114,-0.3539919597878397,0.1403844754655731
0.4577765149010834,1.3619362729231734,0.31888672321672346,-0.2770609979959143,-0.2926746481735632,-1.4905944076228443,-1.0732786696378174,-0.41546594072024484,1.9671012086311788,0.33296090319778293,-0.009867303312444
-0.2788280319400431,-0.5232549927457457,-0.6881348462399834,1.816242766765513,-0.5646340049679912,0.12760833562067544,-1.4128326105034203,-0.860895264082864,-1.3696190546051543,-0.24901212639096917,0.5183588300078228
1.646039154976546,0.4626467548335058,-0.9137400239605221,-0.42441107492133634,0.6167891806958219,-0.19596261313445346,1.4473993398671485,2.2346379702452355,1.4662089904851472,0.6613349680160887,0.0264722605311301
-0.1293342812929981,0.009162921957659673,-0.9956841371502374,-0.2805169781931932,0.06369307768429816,0.8924872970241955,-0.8720094879294866,-0.8995599369197409,-1.0081178634786268,-0.45302913612462936,0.0103756882323071
-0.8051419044396153,0.9839378338114619,0.8307463574025326,-0.7019252844782976,0.4684274726940374,-1.4494308787831094,1.2825602644636998,1.5954207170150763,1.3381875945970951,0.24510061566087854,-0.1297939585584643
-0.8198608558140178,1.0834062273764924,0.8340131402599804,-1.2966870686096172,-0.12805348821563964,-0.6792323126502692,0.6266584842225119,-0.34438074056128753,1.774413400980426,0.6909586668223401,-0.2736153863043104
-1.3676394363161781,1.7279898906007494,0.42514778750663734,-0.39445029370134177,1.2505901941514472,-0.3688946256307386,0.4129971537032692,-0.306440756680188,-0.3279199302163037,0.33442747525266964,-0.0321619430142988
-2.180519512742171,-1.735590080662744,-0.5229273613796858,-1.9145787422199505,-0.9408535931104658,1.5774424658324857,-0.998887743027728,-0.45593661108735517,0.5766992496877412,0.3844885400393234,-0.1229538715303019
0.16883459983109037,-1.5535946028632475,0.34226274790834277,1.703006583637029,1.2602383426464037,0.9274595778182495,-1.41027585164908,-0.564387340699842,-0.5614987997939747,-0.23027441010722371,0.7579613768627691
-0.20228357382417178,-0.13155735000189964,-0.05890918674312012,-0.10029877850526524,-0.5254258755121747,-1.6623759337738975,-1.034253255141869,0.13226707248405414,-0.6432336616129345,-0.4600545264842865,0.0258836723912795
0.9250519126848369,0.5874964433363318,-0.30382928826913363,-1.5837647621025288,0.3268323247688807,0.8844750021626937,2.1805018998740997,-0.936015951191411,1.1503807760354507,0.13229820889031066,-0.3483681692633759
-1.1673855373475228,-1.413143134758391,0.9169369934643342,-0.5068693077209978,0.36950203450853436,0.13866933365233566,1.1419756632097606,0.8622660172589974,-1.452372017252421,0.5142686151455952,0.3296955477979769
-0.22672869291108624,-1.228492980996861,-0.48641519157171315,0.7727795033887588,-1.124039467562782,0.7438315426599662,-0.31049485201168586,-0.6579655464152764,-1.0003322940020878,-0.4797662526360533,0.1881240438566803
-0.30593485362254313,0.6398475635474704,0.21693149968926537,-1.4786006999387489,-0.7466570927719063,1.302639256565533,0.5397052288345806,0.08392402015559076,0.5500844773585655,0.8537297929586143,-0.3311910994605059
-0.10551521698038345,-0.069572632647916,-0.6544329283091515,0.12617701296056655,-0.491665720155534,-0.30221859141406776,0.8310642415913789,-0.5723952721126295,0.21145473283876973,0.3843886825746851,0.0806337509365639
0.20995638346942275,-2.0449583511801133,-0.07559958293399772,-0.2671667858420101,-0.458631412307632,0.72979100480416,1.2018926929175722,-0.11992094634640088,-0.4431482532672719,-0.6140565953597683,0.1154848306124755
0.10288259675108077,0.45286661505424886,0.11707992593494153,1.2968149035861618,-1.1220994213581295,-0.7406037304573271,0.4838267695041378,-0.035432046343289544,-0.5928307910275835,0.37062453912055265,0.2478853230639246
-0.9551825814000265,0.15842781140320228,-0.3198198741989649,1.4246904186182614,-0.6128721490310318,0.24072827354709908,2.1638274048580697,-0.5904428351557499,0.03295062521337379,0.6796366455820418,0.3508452967100212
0.9172182498792502,-0.3311547805099849,-0.41018115003884853,-0.08604133153857182,-0.45729416543017176,0.7963991078258659,1.061530175749037,-0.6808692138545993,0.9837366088701851,0.8666551456861558,-0.0025569781616589
1.1529452680192558,0.6882994438862386,0.2844443828762809,2.3888137872591555,0.9487773059200213,0.0012171595994579726,0.7477021579664063,-0.7668687601065423,-0.5044096666843149,0.06555332931207178,1.0041712213564324
1.0484087292800863,-1.7367232545833404,0.9075960308568503,-0.8400951941669852,-1.1431948358371748,0.7888912623421165,-1.4129056396989126,-0.9407444932840842,-0.7177554861956942,0.17080250876180866,-0.0976947246252938
-1.4450898694885637,-1.1526320094103304,0.5406896853628126,-0.04913291419841917,0.2275877174715284,0.692253415457738,-0.9723060431859737,0.8265045671547845,0.30076003163346005,-0.046992232865567946,0.0187638519050276
-0.5980455604342597,-0.5551716211012052,0.9944975781836269,0.047550979424236334,-1.3704074049758694,-1.7561333612728889,-2.43916564929588,1.2686818948328833,0.9733620387409658,-0.18811944493794586,0.2466347542796552
0.2684863921464919,-0.20518812970874015,0.43997195050916793,0.881603135275942,-0.06769129959433867,-1.2062964948695514,0.9663864426834382,-0.3700720200799991,0.2941785997254413,1.0,0.250494831489269
0.3990993613160377,-0.25079839732181364,-0.8262690318526459,-0.5862332601691781,2.596861738707261,-0.29826396989035925,0.3952319896978961,-0.9180913444530778,1.3431374372595084,-0.7873145294271117,-0.0495908406450342
-1.0439828306302419,-1.3714041360337554,-0.008498217611973124,1.829697040059646,0.6333712018717008,1.6383503027491613,-2.6886337206049955,0.5917408955526114,-1.6457787927818281,0.7791628391797821,0.3945447560305337
0.11440269922242559,-2.2877266905722196,0.32336550206186104,-1.135436849644769,-0.3707445334572029,0.11959437714186298,0.034641442908923355,-0.6858642285361942,0.28335258738203956,0.7985395147278568,0.0359449542600672
0.4953155795569987,-2.0950176530161566,0.03955133726826114,-0.22543414480315555,-0.15205524657666983,1.543987848665708,-0.1890957133020832,-0.8928219680228691,-1.439308275903275,-0.8350256111617891,0.059427024404252
0.7449004397990646,-1.874035107136239,-0.3820317675407747,-0.11420203963947335,-0.18394068258287952,1.1952693186745105,-0.6565690539073796,-0.8277327085180278,0.34150547671346704,-0.7865333082455815,0.3662852964234735
-0.5417255890381626,-1.3627350184103852,0.11254026348846796,0.4264502164517781,-0.3931885817354117,1.13900998324732,-1.512632076111506,-0.25019464678913367,1.080567571514867,0.5031640127771376,0.0732889354850797
0.05409209736418395,-0.41232686381071243,-0.11607393796638683,0.00029950644100614274,-0.11734783140697583,-1.557827048873786,-0.48029528788541853,-0.7613511790689522,0.5211643511051489,-0.7037048034594272,0.1313337377353971
0.044661943436497965,0.6258942604879844,0.8756673923245981,0.3016355686293505,0.13102070487476086,-1.602924302592342,0.13298042375778257,-0.2726413228975321,1.3473968795810765,-0.05055521571779168,0.047763358174743
-1.312219703990767,0.2690266977552867,-0.5723105389804273,1.299514594890701,1.4041618476503734,-0.34320149238317316,-0.8723349850322409,1.2408896601713983,1.1522431143610727,-0.720666986663658,0.369718018884595
1.0726089800005978,0.34892660687838867,-0.4475419822688937,-0.3283859986313769,-1.0670087550675136,-0.6809354221059305,0.02705770538697139,0.5435698395777264,0.039671036286930104,0.5944127051570178,0.196443360039152
1.7404210855906526,-0.9954108639596057,-0.8509070661192732,1.0346121736454497,-0.6299334820423944,0.8288503520706433,1.508666733187221,-0.22260487231345993,0.2430980713508421,0.38105399330080764,0.2915584136515939
0.40870273896034903,0.043871128050797896,0.5251543093127791,-0.7465686646913288,0.08641982759261883,1.4003845798947794,-0.5447725059072285,0.5462621409037483,0.6847159718451306,0.6349677497645442,-0.0381227629351995
-0.44872300414866534,-1.09608803386534,-0.08300636288283307,0.36677623039104573,2.329703054519582,-1.2270696612296799,1.4551859260118387,-0.6126824444451003,1.8526783401478923,0.20360169834629638,0.2101268478331955
0.6688147719060049,0.19285701867555324,0.5940168371058248,-0.7811692694186486,0.46498361998696297,0.41057306864449145,-0.16988770180367324,-0.8282890007614291,-1.961889327207889,-0.3370556255014016,-0.1350390766545394
0.3032755183216595,0.12232403927951499,-0.7329881070490932,1.4380263144067533,0.41653852972722466,1.1265565937926725,0.9476295325304323,0.1631328094002674,1.0888488440426034,0.06080559637612963,0.3198440854397096
0.09391733503855614,-1.6955398818113083,0.6703118099744063,0.9602068526467314,-0.6456020578128381,-1.3997944564899953,-0.04253389797225641,0.4059254668580383,0.1147135240358004,-0.21664301934644228,0.3220396240224787
0.15196220224706822,0.5020396632019558,0.2926877725053374,0.5326493074473813,0.5131126114917363,-0.09477119504317091,-0.06406184137109214,-0.7549387692344911,0.17689247742211409,-0.1813415976005998,0.0979795660986094
-1.2610385398361166,-0.3798749692948558,-0.12431619748202286,0.19827309602847354,-0.15214814062562462,-0.8750334024704025,0.6397104229233872,-0.6484699857922477,1.008970685065984,-0.09586145471985458,0.0315378514672024
-1.1795791748938056,-0.40073778016065553,-0.7081038920189021,0.535105449316927,-0.7390534285703991,-0.3342037501443877,-1.366000511449076,0.5967220759659196,-0.30209865712840783,0.651160856491847,0.1207821165301208
1.057256493511346,0.15011313708238844,0.4972013126620581,-0.9538363590620555,-0.6480780511828107,1.3196247619554362,-1.1415960814443533,0.8248421636449802,0.22408716106564738,-0.5773121799204718,-0.2751193233228998
0.772181149211164,0.97044572392825,0.3799282896956934,0.8241044895300278,0.0474549664476474,1.1163746900427938,0.8241736336559483,0.404972402687583,-2.0169794421103084,0.4112153875192519,0.3069660531822865
-0.36564400576987954,0.6116231657635856,0.8846852695152458,-1.1285583374693824,-0.9605399450571283,0.6048825867214491,1.7742119284583573,-0.6173084162406017,0.03644409296816644,0.2680285735709282,-0.2721153081548435
-0.37495297543414424,-0.4068581644896819,-0.5781947374117923,0.2737589798180583,-0.5546568616252204,1.4104762576618874,1.9588994200205512,-0.5848169528632715,0.7547857710695905,-0.15148344535424796,-0.066640295169899
-0.7380105798050851,-0.6544290999973758,0.9252908211569928,-0.7065744767078237,-1.2026631557391954,0.24238799702241887,-2.4083377773601886,-0.4103248205907672,0.7225924061907743,0.6569358390202488,-0.0665356569657254
0.32821665386304677,0.062476158574253086,0.451823409832404,1.4710393483782027,2.8736235268980432,1.0600950824596995,-0.04314736346534192,-0.9532180667531847,-0.5278795712346803,0.6802750432916094,0.3733575455552582
-2.4330769387883424,0.9051148955856498,-0.31763061211479343,-0.19402553816253468,-1.3512791724457547,-1.3927904723382145,-0.7672402014826122,0.4236620057318619,1.318943129511946,-0.6165526519036472,-0.1241119605617786
-1.2840298657609035,-1.8808341590678919,-0.26838801830688996,0.8165507118560091,0.4262465465004658,-0.6826312506451959,0.19426358188036386,-0.7744737658140668,1.7043720411479366,0.4896166514872834,0.3362884368828271
-0.8146647926376518,0.5797724965329096,0.3538309229601556,-0.17578098854858207,-0.18679463018705225,-0.03285920678079596,0.2587555975625718,-0.20917439164063578,0.22404128253767533,-0.14191327850340316,0.0185155261566274
-0.05183105220428598,1.034522746665745,0.5463150387220101,0.5017190713906622,0.08676542220231756,-0.5239681267890026,1.5823862570380185,-0.5218430462751507,0.7485303914866893,-0.6880229829673131,0.1155623390575421
1.0018023394215032,-0.6278841598526023,-0.23697863077986964,0.38482683445801313,1.81556021990937,0.14932445273898315,0.06754185492690923,2.616514367446311,-1.4526014193723333,0.35577163101720705,0.178061881755126
1.0729720294094667,0.9077462108938649,0.21432102570837816,-1.8702311816233692,-1.0196069365218543,1.5425182828069446,-0.9135307615888041,-0.2834098174674212,-1.194824392208676,0.8610010287367127,-0.2070579714163663
1.5186115690581545,1.2326890432546322,-0.8538998430418833,0.561324468775057,0.2598859159106603,1.4996379105486193,0.638438088961839,-0.07715053736738652,0.40538298299670206,-0.8268405013852186,-0.0490542523230324
0.05979173557941486,-2.0948282437733154,-0.38846026106787873,-0.644954122386185,-1.129433623586218,1.0220829054585852,0.9562893916479672,-0.5903352956861917,-0.8916222224295076,-0.33315751299715346,-0.0719477827393
-0.10260317631752305,0.6357568601422712,-0.5769668607509684,-0.6625840322686731,-0.7417015118578171,-0.430123607727966,-1.5242806406856917,-0.6843780619587351,-1.957004212780101,-0.7829010484486368,-0.0754679207125354
-0.17665256611114258,0.12209275812667866,0.27392231725155974,0.4041353799850038,-1.1641118110413406,0.4004585325426903,1.4349180031699433,2.910011965290147,-0.5006081389600429,-0.7862197524261278,0.0297816072320303
1.805312645766405,0.2992503682573787,0.5263862464155965,0.8845902021705929,-0.417056215275479,0.09365936795272824,0.844566213262416,2.322336731074682,0.39434826044622884,0.1423949181943097,0.4723181178977201
0.8761600021358482,0.5279023463373859,-0.44951380042365435,1.8690471528360746,1.5266863343953727,-1.694220046177281,-1.0942993728372383,-0.16891717381585442,-0.684831596568535,-0.017104044556337503,0.5637614721001813
-1.1955140241999245,0.5408543132147609,-0.9402694203994578,-0.786750841337619,1.9245073664470742,-1.1601559587865535,0.7296173727974116,-0.47814228282966115,1.0757131359081935,-0.3265161161505275,0.0541318360942763
-1.0727269979095488,-0.8359387397055308,0.6566174744360223,0.342512812591679,-0.3484493013455247,0.29485569387610405,-0.4000755243033466,-0.68225370675511,1.1679243107239397,0.09701075161033311,0.2605652387021672
0.04770875816027855,-0.6355104321707922,0.6860348924308616,-0.4889683790993589,-0.8556662030878605,-0.5093107552940427,1.823864788647039,2.4240044086595365,1.0238479673606375,-0.011258896016768678,0.0261562233623937
0.042501836031094246,-0.41096376204114526,0.1386933573895886,1.2824854902490006,-0.9342070720081895,-0.2044617997514144,0.608124558577865,-0.8499085416372529,-1.136351593598277,0.12063120858536838,0.3125945546419869
0.8902441269058826,1.0719003741992985,-0.9474133937413021,0.9445767507623443,2.499316275204644,0.31557108281578317,1.502986018048943,-0.8710427681542259,1.4471476008887443,-0.603074894202471,0.192722409772095
-0.384822783834285,-2.1039461234948633,0.26507076104422195,0.41481700457801796,1.1342848902774254,0.4219903217279867,0.734433518618256,-0.9090266174673015,-1.308718348522081,0.3123714542927374,0.1728612591347975
0.19236482803435753,0.07922261970600845,-0.1498793567835712,-0.8930697558647086,-0.5418485828752791,0.6455667381108058,-0.554483512675831,0.6613553265167671,-1.7551903626655363,0.31433838805834086,-0.0986680493448594
-0.5040759981325402,0.24387207602547367,0.7828296309988149,-0.40300637231426073,-0.8988012343102502,0.15117898664215115,-1.6637103919970966,-0.05920729461745403,0.4197681055531173,-0.7337980955010827,-0.0079528911801228
0.0500441156421244,-0.131123077012779,-0.08401222682927335,0.12876829859483327,1.3643984776263,0.8884153992904767,-0.22323350566560968,-0.5786538580301588,0.2502636624782289,0.0727910530229487,0.0622794109187828
-0.26087855701160556,-1.0251263384413103,0.8647497531847236,1.149372766632653,-1.097253976470026,-0.7717597651973477,-1.0122415275977354,-0.9533936332933785,-1.1919732593500756,0.335009620715092,0.3859316119584799
0.31555663913471893,0.842360721875098,0.4978576863564982,0.7927121062792953,-0.28284508186971685,-1.5680511516866962,-1.472550654572528,-0.8406142821336382,0.5115826962097817,0.3956166636093242,0.1128991648490364
0.3559084762056708,-0.3021684004480225,0.5517918639730776,0.33961308888088176,-1.3183503347005086,-0.2699804975835343,0.0893982589120874,0.08031905819394353,-0.4967041972725795,0.6294119637616704,0.1624815578780708
